entry_date_utc,exit_date_utc,pair,direction,entry,sl,tp,result,r_multiple,risk_amount,pnl,equity_after,bos_time_utc,ambiguous_bar,reached_1r,no_be_outcome
2023-10-16 09:00,2023-10-16 14:00,USDJPY,long,149.49550,149.35100,149.78450,partial,0.5,100.00,50.00,10050.00,2023-10-16 09:00,yes,yes,
2023-10-19 09:00,2023-10-20 09:00,USDJPY,long,149.83400,149.65650,150.18900,loss,-1.0,100.50,-100.50,9949.50,2023-10-19 09:00,,,
2023-10-25 01:00,2023-10-25 07:00,EURUSD,long,1.05927,1.05821,1.06139,partial,0.5,99.50,49.75,9999.25,2023-10-25 01:00,,yes,
2023-10-25 01:00,2023-10-25 08:00,GBPJPY,long,182.35650,182.04500,182.97950,loss,-1.0,99.50,-99.50,9899.75,2023-10-25 01:00,,,
2023-10-31 17:00,2023-11-02 03:00,AUDCHF,long,0.57563,0.57220,0.58249,win,1.5,99.00,148.50,10048.25,2023-10-31 17:00,,yes,
2023-10-31 17:00,2023-11-29 15:00,EURCHF,long,0.96112,0.95558,0.97220,partial,0.5,99.00,49.50,10172.88,2023-10-31 17:00,,yes,
2023-11-03 01:00,2023-11-03 13:00,AUDUSD,long,0.64253,0.64119,0.64521,win,1.5,100.48,150.72,10198.97,2023-11-03 01:00,,yes,
2023-11-08 02:00,2023-11-08 16:00,AUDCHF,long,0.57932,0.57713,0.58370,loss,-1.0,101.99,-101.99,10096.98,2023-11-08 02:00,,,
2023-11-14 02:00,2023-11-14 14:00,USDJPY,long,151.73250,151.19550,152.80650,loss,-1.0,100.97,-100.97,9996.01,2023-11-14 02:00,,,
2023-11-15 22:00,2023-11-16 16:00,GBPJPY,long,187.90750,187.18600,189.35050,loss,-1.0,99.96,-99.96,9796.09,2023-11-15 22:00,,,
2023-11-16 02:00,2023-11-16 03:00,EURUSD,long,1.08438,1.08306,1.08702,loss,-1.0,99.96,-99.96,9896.05,2023-11-16 02:00,,,
2023-11-21 02:00,2023-11-22 07:00,AUDCHF,long,0.58064,0.57763,0.58666,loss,-1.0,97.96,-97.96,9698.13,2023-11-21 02:00,,,
2023-11-22 06:00,2023-11-22 07:00,GBPUSD,long,1.25254,1.25165,1.25432,loss,-1.0,97.96,-97.96,9600.17,2023-11-22 06:00,,,
2023-11-23 02:00,2023-11-28 02:00,USDJPY,short,149.18100,149.76000,148.02300,win,1.5,96.00,144.00,9744.17,2023-11-23 02:00,,yes,
2023-11-24 10:00,2023-11-28 17:00,AUDCHF,long,0.58040,0.57873,0.58374,win,1.5,96.00,144.00,10080.18,2023-11-24 10:00,,yes,
2023-11-24 14:00,2023-11-28 15:00,EURUSD,long,1.09220,1.08940,1.09780,win,1.5,96.00,144.00,9792.17,2023-11-24 14:00,,yes,
2023-11-24 18:00,2023-11-28 03:00,GBPJPY,long,188.51500,187.09700,191.35100,loss,-1.0,96.00,-96.00,9648.17,2023-11-24 18:00,,,
2023-11-27 14:00,2023-11-29 02:00,AUDUSD,long,0.66010,0.65658,0.66714,win,1.5,96.00,144.00,10224.18,2023-11-27 14:00,,yes,
2023-11-27 14:00,2023-11-28 16:00,GBPUSD,long,1.26253,1.25900,1.26959,win,1.5,96.00,144.00,9936.18,2023-11-27 14:00,,yes,
2023-11-28 18:00,2023-11-29 10:00,AUDCHF,long,0.58341,0.58106,0.58811,loss,-1.0,100.80,-100.80,10123.38,2023-11-28 18:00,,,
2023-11-28 18:00,2023-11-30 09:00,EURUSD,long,1.09870,1.09335,1.10940,loss,-1.0,100.80,-100.80,10122.94,2023-11-28 18:00,,,
2023-11-28 18:00,2023-11-30 15:00,GBPUSD,long,1.26924,1.26057,1.28658,loss,-1.0,100.80,-100.80,10022.14,2023-11-28 18:00,,,
2023-11-28 18:00,2023-12-07 10:00,USDJPY,short,147.55600,148.84250,144.98300,win,1.5,100.80,151.20,10073.12,2023-11-28 18:00,,yes,
2023-11-30 02:00,2023-11-30 03:00,AUDUSD,long,0.66206,0.66048,0.66522,partial,0.5,101.73,50.86,10223.74,2023-11-30 02:00,yes,yes,
2023-12-01 18:00,2023-12-28 09:00,EURCHF,short,0.94721,0.95466,0.93231,win,1.5,100.22,150.33,10628.28,2023-12-01 18:00,,yes,
2023-12-06 02:00,2023-12-07 18:00,GBPUSD,short,1.26025,1.26530,1.25015,partial,0.5,100.22,50.11,10123.23,2023-12-06 02:00,,yes,
2023-12-06 14:00,2023-12-06 15:00,EURUSD,short,1.07981,1.08029,1.07885,loss,-1.0,100.22,-100.22,9921.92,2023-12-06 14:00,,,
2023-12-08 02:00,2023-12-08 14:00,GBPUSD,short,1.25907,1.26137,1.25447,win,1.5,101.23,151.85,10275.08,2023-12-08 02:00,,yes,
2023-12-08 22:00,2023-12-10 23:00,GBPJPY,short,181.90500,182.05500,181.60500,partial,0.5,102.75,51.38,10326.46,2023-12-08 22:00,yes,yes,
2023-12-11 22:00,2023-12-12 14:00,GBPUSD,short,1.25556,1.25920,1.24828,loss,-1.0,103.26,-103.26,10223.19,2023-12-11 22:00,,,
2023-12-15 02:00,2023-12-15 03:00,AUDUSD,long,0.66979,0.66810,0.67317,partial,0.5,102.23,51.12,10274.31,2023-12-15 02:00,yes,yes,
2023-12-15 22:00,2023-12-27 16:00,AUDCHF,long,0.58324,0.57946,0.59080,loss,-1.0,102.74,-102.74,10169.77,2023-12-15 22:00,,,
2023-12-15 22:00,2023-12-18 09:00,USDJPY,short,142.18750,142.46200,141.63850,loss,-1.0,102.74,-102.74,10171.56,2023-12-15 22:00,,,
2023-12-19 02:00,2023-12-19 08:00,GBPUSD,long,1.26527,1.26279,1.27023,partial,0.5,101.72,50.86,10120.71,2023-12-19 02:00,yes,yes,
2023-12-19 02:00,2023-12-19 03:00,GBPJPY,short,180.36700,181.19300,178.71500,loss,-1.0,101.72,-101.72,10069.85,2023-12-19 02:00,,,
2023-12-21 06:00,2023-12-22 12:00,AUDUSD,long,0.67519,0.67233,0.68091,win,1.5,101.21,151.81,10272.52,2023-12-21 06:00,,yes,
2023-12-22 18:00,2023-12-28 02:00,AUDUSD,long,0.68047,0.67723,0.68695,win,1.5,102.73,154.09,10323.86,2023-12-22 18:00,,yes,
2023-12-26 22:00,2023-12-28 02:00,GBPUSD,long,1.27251,1.26836,1.28081,win,1.5,102.73,154.09,10477.95,2023-12-26 22:00,,yes,
2023-12-27 14:00,2023-12-28 17:00,EURUSD,long,1.10704,1.10276,1.11560,partial,0.5,102.73,51.36,10679.64,2023-12-27 14:00,,yes,
2023-12-28 18:00,2023-12-29 00:00,AUDUSD,long,0.68461,0.68231,0.68921,loss,-1.0,106.80,-106.80,10572.85,2023-12-28 18:00,,,
2023-12-29 06:00,2023-12-29 10:00,EURUSD,long,1.10663,1.10543,1.10903,loss,-1.0,105.73,-105.73,10467.12,2023-12-29 06:00,,,
2023-12-29 06:00,2023-12-29 10:00,GBPUSD,long,1.27629,1.27116,1.28655,loss,-1.0,105.73,-105.73,10361.39,2023-12-29 06:00,,,
2023-12-29 10:00,2024-01-11 14:00,EURCHF,short,0.92846,0.93524,0.91490,loss,-1.0,103.61,-103.61,10154.16,2023-12-29 10:00,,,
2024-01-04 18:00,2024-01-18 22:00,AUDCHF,short,0.57072,0.57424,0.56368,partial,0.5,103.61,51.81,10104.43,2024-01-04 18:00,,yes,
2024-01-08 02:00,2024-01-08 17:00,USDJPY,long,144.37700,143.79850,145.53400,loss,-1.0,103.61,-103.61,10257.78,2024-01-08 02:00,,,
2024-01-11 22:00,2024-01-12 00:00,USDJPY,long,145.28400,144.98150,145.88900,loss,-1.0,101.54,-101.54,10052.62,2024-01-11 22:00,,,
2024-01-17 14:00,2024-01-19 10:00,AUDUSD,short,0.65455,0.65958,0.64449,loss,-1.0,100.53,-100.53,10054.16,2024-01-17 14:00,,,
2024-01-18 18:00,2024-01-19 08:00,USDJPY,long,148.22350,147.64750,149.37550,partial,0.5,100.53,50.26,10154.69,2024-01-18 18:00,,yes,
2024-01-19 02:00,2024-01-24 14:00,GBPJPY,long,188.51950,187.31000,190.93850,loss,-1.0,101.04,-101.04,9653.51,2024-01-19 02:00,,,
2024-01-19 22:00,2024-01-22 02:00,USDJPY,long,148.10550,147.83100,148.65450,loss,-1.0,100.54,-100.54,9953.62,2024-01-19 22:00,,,
2024-01-22 02:00,2024-01-23 16:00,GBPUSD,long,1.27090,1.26603,1.28064,loss,-1.0,99.54,-99.54,9754.55,2024-01-22 02:00,,,
2024-01-22 22:00,2024-01-23 03:00,EURCHF,long,0.94576,0.94461,0.94806,loss,-1.0,99.54,-99.54,9854.09,2024-01-22 22:00,,,
2024-01-26 14:00,2024-01-26 15:00,AUDCHF,short,0.57018,0.57183,0.56688,partial,0.5,96.54,48.27,9701.77,2024-01-26 14:00,yes,yes,
2024-01-26 18:00,2024-01-29 16:00,GBPJPY,long,188.14700,187.32800,189.78500,loss,-1.0,97.02,-97.02,9604.76,2024-01-26 18:00,,,
2024-01-26 22:00,2024-01-29 21:00,USDJPY,long,148.18100,147.39450,149.75400,loss,-1.0,97.02,-97.02,9507.74,2024-01-26 22:00,,,
2024-01-29 22:00,2024-01-29 23:00,AUDCHF,short,0.56942,0.57008,0.56810,loss,-1.0,95.08,-95.08,9412.66,2024-01-29 22:00,,,
2024-02-01 02:00,2024-02-01 12:00,AUDCHF,short,0.56662,0.56884,0.56218,win,1.5,94.13,141.19,9553.85,2024-02-01 02:00,,yes,
2024-02-01 22:00,2024-02-02 14:00,USDJPY,short,146.44000,147.12650,145.06700,loss,-1.0,95.54,-95.54,9458.31,2024-02-01 22:00,,,
2024-02-02 22:00,2024-02-04 23:00,AUDCHF,short,0.56470,0.56598,0.56214,partial,0.5,94.58,47.29,9505.60,2024-02-02 22:00,yes,yes,
2024-02-05 18:00,2024-02-06 06:00,AUDUSD,short,0.64858,0.65213,0.64148,loss,-1.0,95.06,-95.06,9410.55,2024-02-05 18:00,,,
2024-02-08 14:00,2024-02-09 15:00,GBPUSD,short,1.25812,1.26398,1.24640,loss,-1.0,94.11,-94.11,9316.44,2024-02-08 14:00,,,
2024-02-08 22:00,2024-02-12 09:00,EURCHF,long,0.94157,0.93958,0.94555,partial,0.5,94.11,47.05,9363.50,2024-02-08 22:00,,yes,
2024-02-09 22:00,2024-02-12 09:00,GBPJPY,long,188.53400,188.22600,189.15000,loss,-1.0,93.16,-93.16,9270.33,2024-02-09 22:00,,,
2024-02-12 18:00,2024-02-13 08:00,EURCHF,long,0.94367,0.94135,0.94831,win,1.5,92.70,139.05,9409.39,2024-02-12 18:00,,yes,
2024-02-13 10:00,2024-02-27 12:00,EURCHF,long,0.94711,0.94282,0.95569,win,1.5,94.09,141.14,9640.34,2024-02-13 10:00,,yes,
2024-02-14 18:00,2024-02-15 00:00,USDJPY,long,150.43500,150.33550,150.63400,partial,0.5,94.09,47.05,9456.43,2024-02-14 18:00,,yes,
2024-02-14 18:00,2024-02-15 02:00,GBPJPY,long,189.01200,188.74800,189.54000,loss,-1.0,94.09,-94.09,9362.34,2024-02-14 18:00,,,
2024-02-15 10:00,2024-02-15 12:00,AUDUSD,short,0.64955,0.65024,0.64817,loss,-1.0,93.62,-93.62,9268.72,2024-02-15 10:00,,,
2024-02-15 10:00,2024-02-15 14:00,GBPUSD,short,1.25545,1.25747,1.25141,loss,-1.0,93.62,-93.62,9175.09,2024-02-15 10:00,,,
2024-02-16 02:00,2024-02-16 08:00,AUDCHF,long,0.57363,0.57290,0.57509,win,1.5,91.75,137.63,9312.72,2024-02-16 02:00,,yes,
2024-02-19 02:00,2024-02-21 17:00,AUDCHF,long,0.57602,0.57377,0.58052,partial,0.5,93.13,46.56,9312.25,2024-02-19 02:00,,yes,
2024-02-20 02:00,2024-02-20 12:00,GBPJPY,long,189.11000,188.89950,189.53100,partial,0.5,93.13,46.56,9359.28,2024-02-20 02:00,,yes,
2024-02-21 10:00,2024-02-21 16:00,AUDUSD,long,0.65539,0.65462,0.65693,loss,-1.0,93.59,-93.59,9265.69,2024-02-21 10:00,,,
2024-02-21 18:00,2024-02-22 09:00,GBPJPY,long,189.62900,189.14700,190.59300,win,1.5,93.12,139.68,9451.94,2024-02-21 18:00,,yes,
2024-02-22 18:00,2024-02-29 03:00,USDJPY,long,150.60750,150.00750,151.80750,loss,-1.0,94.52,-94.52,9496.67,2024-02-22 18:00,,,
2024-02-23 02:00,2024-02-28 06:00,EURUSD,long,1.08270,1.08018,1.08774,partial,0.5,94.52,47.26,9687.60,2024-02-23 02:00,,yes,
2024-02-23 02:00,2024-02-27 10:00,GBPJPY,long,190.52200,189.84500,191.87600,partial,0.5,94.52,47.26,9499.20,2024-02-23 02:00,,yes,
2024-02-27 22:00,2024-02-28 10:00,GBPJPY,long,190.91800,190.36050,192.03300,loss,-1.0,96.40,-96.40,9591.19,2024-02-27 22:00,,,
2024-03-04 18:00,2024-03-21 09:00,EURCHF,long,0.96023,0.95543,0.96983,win,1.5,94.97,142.45,9350.29,2024-03-04 18:00,,yes,
2024-03-06 02:00,2024-03-06 03:00,EURUSD,long,1.08439,1.08394,1.08529,win,1.5,94.97,142.45,9639.12,2024-03-06 02:00,,yes,
2024-03-06 18:00,2024-03-07 01:00,GBPJPY,long,190.30850,189.84900,191.22750,loss,-1.0,96.39,-96.39,9542.73,2024-03-06 18:00,,,
2024-03-07 14:00,2024-03-07 23:00,GBPUSD,long,1.27521,1.27222,1.28119,win,1.5,95.43,143.14,9685.87,2024-03-07 14:00,,yes,
2024-03-07 22:00,2024-03-18 18:00,EURUSD,long,1.09482,1.08669,1.11108,loss,-1.0,95.43,-95.43,9207.84,2024-03-07 22:00,,,
2024-03-08 10:00,2024-03-10 22:00,AUDCHF,long,0.58236,0.58022,0.58664,loss,-1.0,96.86,-96.86,9589.02,2024-03-08 10:00,,,
2024-03-08 18:00,2024-03-11 16:00,GBPUSD,long,1.28492,1.28001,1.29474,loss,-1.0,96.86,-96.86,9492.16,2024-03-08 18:00,,,
2024-03-12 01:00,2024-03-12 03:00,USDJPY,short,146.87050,147.15750,146.29650,loss,-1.0,94.92,-94.92,9397.23,2024-03-12 01:00,,,
2024-03-12 17:00,2024-03-13 10:00,GBPJPY,short,188.74100,189.21350,187.79600,loss,-1.0,93.97,-93.97,9303.26,2024-03-12 17:00,,,
2024-03-21 13:00,2024-04-10 21:00,USDJPY,long,151.16650,150.25500,152.98950,win,1.5,93.50,140.25,9816.05,2024-03-21 13:00,,yes,
2024-03-25 05:00,2024-03-25 17:00,EURCHF,long,0.97070,0.96900,0.97410,win,1.5,93.50,140.25,9490.54,2024-03-25 05:00,,yes,
2024-03-27 13:00,2024-03-28 09:00,AUDCHF,long,0.59095,0.58866,0.59553,loss,-1.0,94.91,-94.91,9443.09,2024-03-27 13:00,,,
2024-03-27 13:00,2024-03-27 22:00,EURCHF,long,0.98101,0.97793,0.98717,loss,-1.0,94.91,-94.91,9395.63,2024-03-27 13:00,,,
2024-03-27 21:00,2024-03-28 08:00,EURUSD,short,1.08275,1.08401,1.08023,win,1.5,94.91,142.36,9537.99,2024-03-27 21:00,,yes,
2024-03-29 21:00,2024-04-01 15:00,EURUSD,short,1.07930,1.08071,1.07648,win,1.5,94.43,141.65,9631.95,2024-03-29 21:00,,yes,
2024-03-29 21:00,2024-04-01 02:00,GBPJPY,long,191.03400,190.76500,191.57200,partial,0.5,94.43,47.22,9490.30,2024-03-29 21:00,,yes,
2024-04-03 01:00,2024-04-03 12:00,EURUSD,short,1.07688,1.07801,1.07462,loss,-1.0,96.32,-96.32,9535.63,2024-04-03 01:00,,,
2024-04-03 17:00,2024-04-04 11:00,AUDCHF,long,0.59333,0.59055,0.59889,win,1.5,95.36,143.03,9821.70,2024-04-03 17:00,,yes,
2024-04-03 21:00,2024-04-04 06:00,EURCHF,long,0.97837,0.97765,0.97981,win,1.5,95.36,143.03,9678.66,2024-04-03 21:00,,yes,
2024-04-04 09:00,2024-04-04 20:00,EURCHF,long,0.98396,0.97804,0.99580,loss,-1.0,96.79,-96.79,9724.91,2024-04-04 09:00,,,
2024-04-05 13:00,2024-04-05 16:00,AUDCHF,long,0.59413,0.59204,0.59831,loss,-1.0,97.25,-97.25,9627.66,2024-04-05 13:00,,,
2024-04-10 05:00,2024-04-10 13:00,GBPJPY,long,192.42450,192.08200,193.10950,partial,0.5,96.28,48.14,9675.80,2024-04-10 05:00,,yes,
2024-04-12 01:00,2024-04-12 10:00,EURUSD,short,1.07260,1.07575,1.06630,win,1.5,98.16,147.24,10110.54,2024-04-12 01:00,,yes,
2024-04-12 01:00,2024-04-12 08:00,GBPUSD,short,1.25555,1.25796,1.25073,win,1.5,98.16,147.24,9963.30,2024-04-12 01:00,,yes,
2024-04-15 01:00,2024-04-24 18:00,USDJPY,long,153.46400,152.58400,155.22400,win,1.5,101.11,151.66,10260.43,2024-04-15 01:00,,yes,
2024-04-15 13:00,2024-04-15 15:00,EURCHF,short,0.97260,0.97414,0.96952,partial,0.5,101.11,50.55,10161.09,2024-04-15 13:00,yes,yes,
2024-04-15 17:00,2024-04-19 02:00,AUDUSD,short,0.64586,0.64943,0.63872,win,1.5,101.61,152.42,10259.65,2024-04-15 17:00,,yes,
2024-04-15 21:00,2024-04-17 18:00,EURUSD,short,1.06244,1.06662,1.05408,loss,-1.0,101.61,-101.61,10059.48,2024-04-15 21:00,,,
2024-04-15 21:00,2024-04-19 08:00,GBPUSD,short,1.24462,1.24997,1.23392,partial,0.5,101.61,50.81,10210.88,2024-04-15 21:00,,yes,
2024-04-17 01:00,2024-04-17 22:00,EURCHF,short,0.96910,0.97237,0.96256,loss,-1.0,101.61,-101.61,9957.87,2024-04-17 01:00,,,
2024-04-18 05:00,2024-04-19 02:00,GBPJPY,long,192.41550,191.67300,193.90050,loss,-1.0,99.58,-99.58,10160.07,2024-04-18 05:00,,,
2024-04-18 13:00,2024-04-19 02:00,AUDCHF,short,0.58587,0.58757,0.58247,win,1.5,99.58,149.37,10107.24,2024-04-18 13:00,,yes,
2024-04-22 13:00,2024-04-23 01:00,AUDUSD,short,0.64376,0.64565,0.63998,loss,-1.0,102.11,-102.11,10108.77,2024-04-22 13:00,,,
2024-04-23 17:00,2024-04-26 09:00,GBPJPY,long,192.67650,190.82200,196.38550,win,1.5,101.09,151.63,10463.62,2024-04-23 17:00,,yes,
2024-04-23 21:00,2024-04-25 14:00,AUDUSD,long,0.64872,0.64401,0.65814,partial,0.5,101.09,50.54,10260.68,2024-04-23 21:00,,yes,
2024-04-24 13:00,2024-04-24 20:00,GBPUSD,short,1.24419,1.24659,1.23939,loss,-1.0,101.09,-101.09,10159.34,2024-04-24 13:00,,,
2024-04-24 21:00,2024-04-25 13:00,EURUSD,long,1.06988,1.06770,1.07424,partial,0.5,101.59,50.80,10210.14,2024-04-24 21:00,,yes,
2024-04-25 01:00,2024-05-02 07:00,EURCHF,long,0.97876,0.97474,0.98680,partial,0.5,101.59,50.80,10411.79,2024-04-25 01:00,,yes,
2024-04-25 21:00,2024-04-26 04:00,USDJPY,long,155.65150,155.30250,156.34950,partial,0.5,102.61,51.30,10311.98,2024-04-25 21:00,yes,yes,
2024-04-26 01:00,2024-04-30 06:00,AUDUSD,long,0.65252,0.64844,0.66068,partial,0.5,102.61,51.30,10361.00,2024-04-26 01:00,,yes,
2024-04-26 01:00,2024-04-26 15:00,EURUSD,long,1.07274,1.06775,1.08272,loss,-1.0,102.61,-102.61,10361.01,2024-04-26 01:00,,,
2024-04-26 01:00,2024-04-26 16:00,GBPUSD,long,1.25048,1.24558,1.26028,loss,-1.0,102.61,-102.61,10258.40,2024-04-26 01:00,,,
2024-04-26 17:00,2024-04-29 05:00,GBPJPY,long,196.86800,193.95550,202.69300,partial,0.5,102.58,51.29,10309.69,2024-04-26 17:00,,yes,
2024-05-06 01:00,2024-05-07 05:00,GBPUSD,long,1.25507,1.25284,1.25953,partial,0.5,104.12,52.06,10359.74,2024-05-06 01:00,,yes,
2024-05-06 13:00,2024-05-07 00:00,USDJPY,short,153.52200,154.01850,152.52900,loss,-1.0,104.12,-104.12,10307.68,2024-05-06 13:00,,,
2024-05-07 17:00,2024-05-08 01:00,AUDUSD,long,0.66016,0.65857,0.66334,loss,-1.0,103.60,-103.60,10152.54,2024-05-07 17:00,,,
2024-05-07 17:00,2024-05-07 19:00,EURUSD,long,1.07704,1.07533,1.08046,loss,-1.0,103.60,-103.60,10256.14,2024-05-07 17:00,,,
2024-05-08 09:00,2024-05-10 07:00,GBPJPY,long,193.90600,193.26650,195.18500,win,1.5,101.53,152.29,10304.83,2024-05-08 09:00,,yes,
2024-05-10 13:00,2024-05-10 14:00,AUDUSD,long,0.66092,0.65982,0.66312,partial,0.5,103.05,51.52,10356.35,2024-05-10 13:00,yes,yes,
2024-05-13 13:00,2024-05-15 13:00,EURUSD,long,1.07982,1.07649,1.08648,win,1.5,103.56,155.35,10511.70,2024-05-13 13:00,,yes,
2024-05-13 13:00,2024-05-16 01:00,GBPJPY,long,195.56750,194.72900,197.24450,partial,0.5,103.56,51.78,10563.48,2024-05-13 13:00,,yes,
2024-05-14 17:00,2024-05-16 22:00,EURCHF,long,0.98062,0.97845,0.98496,win,1.5,103.56,155.35,10718.83,2024-05-14 17:00,,yes,
2024-05-14 17:00,2024-05-22 07:00,GBPUSD,long,1.25853,1.25085,1.27389,win,1.5,103.56,155.35,10712.32,2024-05-14 17:00,,yes,
2024-05-15 21:00,2024-05-23 19:00,AUDCHF,long,0.60386,0.59912,0.61334,partial,0.5,105.12,52.56,10922.44,2024-05-15 21:00,,yes,
2024-05-17 01:00,2024-05-17 09:00,AUDUSD,long,0.66731,0.66532,0.67129,loss,-1.0,107.19,-107.19,10611.64,2024-05-17 01:00,,,
2024-05-17 01:00,2024-05-17 09:00,EURUSD,long,1.08629,1.08535,1.08817,loss,-1.0,107.19,-107.19,10504.45,2024-05-17 01:00,,,
2024-05-22 01:00,2024-05-22 07:00,EURCHF,long,0.98924,0.98714,0.99344,partial,0.5,105.04,52.52,10556.97,2024-05-22 01:00,yes,yes,
2024-05-22 01:00,2024-05-22 07:00,GBPJPY,long,198.67900,198.25800,199.52100,win,1.5,105.04,157.57,10869.88,2024-05-22 01:00,,yes,
2024-05-23 17:00,2024-05-23 19:00,GBPJPY,long,199.65000,199.08350,200.78300,loss,-1.0,108.70,-108.70,10813.74,2024-05-23 17:00,,,
2024-05-23 21:00,2024-05-29 07:00,USDJPY,long,156.92550,156.51950,157.73750,partial,0.5,108.14,54.07,11030.02,2024-05-23 21:00,,yes,
2024-05-24 05:00,2024-05-24 11:00,EURCHF,long,0.98934,0.98806,0.99190,win,1.5,108.14,162.21,10975.95,2024-05-24 05:00,,yes,
2024-05-27 13:00,2024-05-29 15:00,GBPJPY,long,200.05600,199.60500,200.95800,partial,0.5,109.76,54.88,10975.14,2024-05-27 13:00,,yes,
2024-05-28 21:00,2024-05-29 15:00,EURCHF,long,0.99053,0.98823,0.99513,loss,-1.0,109.76,-109.76,10920.26,2024-05-28 21:00,,,
2024-05-31 21:00,2024-06-04 10:00,AUDCHF,short,0.60026,0.60309,0.59460,win,1.5,109.75,164.63,11139.76,2024-05-31 21:00,,yes,
2024-06-03 21:00,2024-06-07 13:00,EURUSD,long,1.09044,1.08269,1.10594,loss,-1.0,109.75,-109.75,10863.47,2024-06-03 21:00,,,
2024-06-05 17:00,2024-06-05 22:00,AUDCHF,short,0.59372,0.59472,0.59172,loss,-1.0,111.40,-111.40,11028.37,2024-06-05 17:00,,,
2024-06-06 01:00,2024-06-07 13:00,EURCHF,short,0.97009,0.97233,0.96561,partial,0.5,110.28,55.14,10973.23,2024-06-06 01:00,,yes,
2024-06-06 01:00,2024-06-07 13:00,GBPUSD,long,1.28022,1.27544,1.28978,loss,-1.0,110.28,-110.28,10753.19,2024-06-06 01:00,,,
2024-06-06 01:00,2024-06-06 07:00,GBPJPY,short,199.27050,199.76150,198.28850,loss,-1.0,110.28,-110.28,10918.08,2024-06-06 01:00,,,
2024-06-07 21:00,2024-06-12 06:00,AUDCHF,short,0.58988,0.59437,0.58090,loss,-1.0,107.53,-107.53,10754.00,2024-06-07 21:00,,,
2024-06-07 21:00,2024-06-11 12:00,EURCHF,short,0.96827,0.97128,0.96225,win,1.5,107.53,161.30,10914.49,2024-06-07 21:00,,yes,
2024-06-11 09:00,2024-06-11 20:00,AUDUSD,short,0.66002,0.66135,0.65736,loss,-1.0,107.53,-107.53,10806.96,2024-06-11 09:00,,,
2024-06-11 17:00,2024-06-11 22:00,EURCHF,short,0.96470,0.96592,0.96226,partial,0.5,109.14,54.57,10861.53,2024-06-11 17:00,yes,yes,
2024-06-11 21:00,2024-06-12 13:00,USDJPY,long,157.11750,156.79650,157.75950,loss,-1.0,108.07,-108.07,10645.93,2024-06-11 21:00,,,
2024-06-14 01:00,2024-06-14 07:00,GBPUSD,long,1.27507,1.27372,1.27777,loss,-1.0,106.46,-106.46,10539.47,2024-06-14 01:00,,,
2024-06-17 17:00,2024-06-21 01:00,USDJPY,long,157.78750,157.14700,159.06850,win,1.5,105.39,158.09,10539.47,2024-06-17 17:00,,yes,
2024-06-17 21:00,2024-06-18 07:00,AUDCHF,short,0.58826,0.58970,0.58538,loss,-1.0,105.39,-105.39,10434.07,2024-06-17 21:00,,,
2024-06-18 09:00,2024-06-18 14:00,EURUSD,short,1.07195,1.07420,1.06745,loss,-1.0,104.34,-104.34,10329.73,2024-06-18 09:00,,,
2024-06-19 21:00,2024-06-20 08:00,EURCHF,short,0.95025,0.95161,0.94753,partial,0.5,103.30,51.65,10381.38,2024-06-19 21:00,,yes,
2024-06-21 17:00,2024-06-24 10:00,EURUSD,short,1.06922,1.07216,1.06334,loss,-1.0,105.39,-105.39,10434.08,2024-06-21 17:00,,,
2024-06-21 17:00,2024-06-28 01:00,USDJPY,long,159.47850,158.66050,161.11450,win,1.5,105.39,158.09,10697.29,2024-06-21 17:00,,yes,
2024-06-25 13:00,2024-06-26 14:00,GBPJPY,long,202.45700,201.95600,203.45900,partial,0.5,104.34,52.17,10486.25,2024-06-25 13:00,,yes,
2024-06-26 13:00,2024-06-27 13:00,EURUSD,short,1.06771,1.07190,1.05933,loss,-1.0,104.34,-104.34,10381.91,2024-06-26 13:00,,,
2024-06-27 01:00,2024-06-27 14:00,GBPJPY,long,202.70900,202.41400,203.29900,win,1.5,104.86,157.29,10539.20,2024-06-27 01:00,,yes,
2024-06-28 21:00,2024-07-01 06:00,GBPUSD,short,1.26448,1.26662,1.26020,loss,-1.0,106.97,-106.97,10590.32,2024-06-28 21:00,,,
2024-07-01 01:00,2024-07-03 14:00,GBPJPY,long,203.70600,202.55950,205.99900,win,1.5,106.97,160.46,10750.78,2024-07-01 01:00,,yes,
2024-07-02 17:00,2024-07-05 19:00,EURCHF,long,0.97071,0.96805,0.97603,partial,0.5,105.90,52.95,10749.44,2024-07-02 17:00,,yes,
2024-07-03 21:00,2024-07-04 07:00,AUDCHF,long,0.60444,0.60197,0.60938,partial,0.5,107.51,53.75,10804.53,2024-07-03 21:00,yes,yes,
2024-07-04 21:00,2024-07-05 04:00,GBPJPY,long,205.77100,205.28400,206.74500,loss,-1.0,108.05,-108.05,10696.49,2024-07-04 21:00,,,
2024-07-05 21:00,2024-07-07 22:00,AUDCHF,long,0.60452,0.60363,0.60630,loss,-1.0,107.49,-107.49,10641.95,2024-07-05 21:00,,,
2024-07-05 21:00,2024-07-15 11:00,EURUSD,long,1.08385,1.07993,1.09169,win,1.5,107.49,161.24,11232.33,2024-07-05 21:00,,yes,
2024-07-09 13:00,2024-07-09 14:00,AUDUSD,long,0.67324,0.67270,0.67432,partial,0.5,106.42,53.21,10695.16,2024-07-09 13:00,yes,yes,
2024-07-09 17:00,2024-07-10 10:00,GBPJPY,long,206.22350,205.85600,206.95850,win,1.5,106.95,160.43,11016.01,2024-07-09 17:00,,yes,
2024-07-10 01:00,2024-07-10 10:00,GBPUSD,long,1.27859,1.27767,1.28043,win,1.5,106.95,160.43,10855.58,2024-07-10 01:00,,yes,
2024-07-10 17:00,2024-07-16 03:00,AUDCHF,long,0.60665,0.60414,0.61167,loss,-1.0,110.16,-110.16,11011.46,2024-07-10 17:00,,,
2024-07-12 09:00,2024-07-12 13:00,USDJPY,short,159.10400,159.45850,158.39500,partial,0.5,110.16,55.08,11071.09,2024-07-12 09:00,yes,yes,
2024-07-12 13:00,2024-07-15 18:00,AUDUSD,long,0.67746,0.67530,0.68178,loss,-1.0,110.71,-110.71,11121.62,2024-07-12 13:00,,,
2024-07-15 01:00,2024-07-17 08:00,EURCHF,long,0.97589,0.97292,0.98183,loss,-1.0,110.71,-110.71,10900.75,2024-07-15 01:00,,,
2024-07-16 21:00,2024-07-18 15:00,GBPUSD,long,1.29740,1.29374,1.30472,partial,0.5,110.11,55.06,11120.98,2024-07-16 21:00,,yes,
2024-07-16 21:00,2024-07-17 08:00,USDJPY,short,158.34000,158.86650,157.28700,win,1.5,110.11,165.17,11065.92,2024-07-16 21:00,,yes,
2024-07-17 13:00,2024-07-24 10:00,AUDCHF,short,0.59713,0.60275,0.58589,win,1.5,110.66,165.99,11341.46,2024-07-17 13:00,,yes,
2024-07-17 13:00,2024-07-25 04:00,USDJPY,short,156.56650,158.63750,152.42450,win,1.5,110.66,165.99,11672.61,2024-07-17 13:00,,yes,
2024-07-18 13:00,2024-07-18 16:00,GBPJPY,short,203.07350,203.60350,202.01350,loss,-1.0,110.66,-110.66,11010.32,2024-07-18 13:00,,,
2024-07-19 21:00,2024-07-24 09:00,EURCHF,short,0.96737,0.96922,0.96367,win,1.5,110.10,165.15,11175.47,2024-07-19 21:00,,yes,
2024-07-23 09:00,2024-07-24 14:00,GBPJPY,short,201.62250,203.17300,198.52150,win,1.5,110.10,165.15,11506.62,2024-07-23 09:00,,yes,
2024-07-25 01:00,2024-07-26 09:00,AUDUSD,short,0.65640,0.66114,0.64692,partial,0.5,115.07,57.53,11788.50,2024-07-25 01:00,,yes,
2024-07-26 01:00,2024-07-26 02:00,USDJPY,short,153.92100,154.33050,153.10200,partial,0.5,116.73,58.36,11730.97,2024-07-26 01:00,yes,yes,
2024-07-26 01:00,2024-07-26 11:00,GBPJPY,short,197.89250,198.81800,196.04150,loss,-1.0,116.73,-116.73,11671.78,2024-07-26 01:00,,,
2024-07-26 21:00,2024-07-29 01:00,AUDCHF,short,0.57858,0.58024,0.57526,loss,-1.0,116.72,-116.72,11555.06,2024-07-26 21:00,,,
2024-07-30 01:00,2024-07-30 02:00,USDJPY,short,153.96300,154.22050,153.44800,loss,-1.0,115.55,-115.55,11439.51,2024-07-30 01:00,,,
2024-07-31 09:00,2024-07-31 19:00,AUDUSD,short,0.64927,0.65454,0.63873,loss,-1.0,114.40,-114.40,11325.11,2024-07-31 09:00,,,
2024-08-01 05:00,2024-08-02 16:00,USDJPY,short,149.68600,151.27150,146.51500,win,1.5,113.25,169.88,11664.87,2024-08-01 05:00,,yes,
2024-08-01 05:00,2024-08-02 08:00,GBPJPY,short,192.35200,193.99300,189.07000,win,1.5,113.25,169.88,11494.99,2024-08-01 05:00,,yes,
2024-08-01 21:00,2024-08-05 01:00,AUDCHF,short,0.56734,0.57408,0.55386,win,1.5,113.25,169.88,11834.74,2024-08-01 21:00,,yes,
2024-08-05 01:00,2024-08-05 08:00,GBPUSD,short,1.27841,1.28414,1.26695,partial,0.5,118.35,59.17,11893.92,2024-08-05 01:00,,yes,
2024-08-05 17:00,2024-08-09 07:00,GBPUSD,short,1.27666,1.28179,1.26640,partial,0.5,118.94,59.47,11540.07,2024-08-05 17:00,,yes,
2024-08-06 01:00,2024-08-06 02:00,EURCHF,short,0.93664,0.93735,0.93522,loss,-1.0,118.94,-118.94,11774.98,2024-08-06 01:00,yes,,
2024-08-06 09:00,2024-08-07 02:00,USDJPY,short,144.92550,146.38400,142.00850,loss,-1.0,117.75,-117.75,11598.35,2024-08-06 09:00,,,
2024-08-06 09:00,2024-08-07 02:00,GBPJPY,short,184.52000,187.12100,179.31800,loss,-1.0,117.75,-117.75,11480.60,2024-08-06 09:00,,,
2024-08-06 13:00,2024-08-06 19:00,AUDUSD,short,0.64766,0.65414,0.63470,loss,-1.0,117.75,-117.75,11657.23,2024-08-06 13:00,,,
2024-08-06 17:00,2024-08-07 01:00,AUDCHF,short,0.55783,0.55965,0.55419,partial,0.5,117.75,58.87,11716.10,2024-08-06 17:00,,yes,
2024-08-20 01:00,2024-08-23 16:00,EURUSD,long,1.10819,1.10292,1.11873,win,1.5,115.40,173.10,11885.69,2024-08-20 01:00,,yes,
2024-08-20 17:00,2024-08-22 09:00,GBPUSD,long,1.30251,1.29733,1.31287,win,1.5,115.40,173.10,11713.17,2024-08-20 17:00,,yes,
2024-08-22 09:00,2024-08-23 14:00,EURCHF,short,0.94852,0.95084,0.94388,partial,0.5,117.13,58.57,11712.59,2024-08-22 09:00,,yes,
2024-08-22 17:00,2024-08-22 18:00,GBPUSD,long,1.30862,1.30803,1.30980,loss,-1.0,117.13,-117.13,11596.04,2024-08-22 17:00,,,
2024-08-23 01:00,2024-08-23 02:00,USDJPY,short,146.07550,146.53850,145.14950,partial,0.5,115.96,57.98,11654.02,2024-08-23 01:00,yes,yes,
2024-08-26 01:00,2024-09-02 00:00,USDJPY,short,143.71550,146.49300,138.16050,loss,-1.0,118.86,-118.86,12062.79,2024-08-26 01:00,,,
2024-08-26 05:00,2024-08-29 09:00,AUDCHF,short,0.57400,0.57675,0.56850,partial,0.5,118.86,59.43,12121.03,2024-08-26 05:00,,yes,
2024-08-26 05:00,2024-08-27 14:00,EURCHF,short,0.94743,0.94995,0.94239,win,1.5,118.86,178.29,12123.40,2024-08-26 05:00,,yes,
2024-08-27 01:00,2024-08-27 12:00,EURUSD,long,1.11611,1.11491,1.11851,partial,0.5,118.86,59.43,11945.12,2024-08-27 01:00,,yes,
2024-08-27 09:00,2024-08-28 07:00,GBPUSD,long,1.32178,1.31790,1.32954,partial,0.5,118.86,59.43,12061.60,2024-08-27 09:00,,yes,
2024-08-27 17:00,2024-08-30 12:00,EURCHF,short,0.94149,0.94752,0.92943,partial,0.5,121.23,60.62,12181.64,2024-08-27 17:00,,yes,
2024-08-27 21:00,2024-08-28 06:00,EURUSD,long,1.11840,1.11492,1.12536,loss,-1.0,121.23,-121.23,12002.17,2024-08-27 21:00,,,
2024-09-05 01:00,2024-09-06 13:00,AUDUSD,short,0.67224,0.67505,0.66662,loss,-1.0,120.63,-120.63,11942.16,2024-09-05 01:00,,,
2024-09-05 17:00,2024-09-06 13:00,GBPUSD,long,1.31732,1.31363,1.32470,partial,0.5,120.63,60.31,12062.79,2024-09-05 17:00,yes,yes,
2024-09-06 01:00,2024-09-06 16:00,AUDCHF,short,0.56845,0.57147,0.56241,win,1.5,120.63,180.94,12243.73,2024-09-06 01:00,,yes,
2024-09-06 01:00,2024-09-06 13:00,EURUSD,long,1.11134,1.10753,1.11896,partial,0.5,120.63,60.31,12002.47,2024-09-06 01:00,yes,yes,
2024-09-06 21:00,2024-09-12 05:00,AUDCHF,short,0.56232,0.57069,0.54558,loss,-1.0,122.44,-122.44,11937.64,2024-09-06 21:00,,,
2024-09-06 21:00,2024-09-11 20:00,EURCHF,short,0.93446,0.93935,0.92468,loss,-1.0,122.44,-122.44,12060.07,2024-09-06 21:00,,,
2024-09-06 21:00,2024-09-17 21:00,USDJPY,short,142.31350,144.08350,138.77350,partial,0.5,122.44,61.22,12060.07,2024-09-06 21:00,,yes,
2024-09-06 21:00,2024-09-17 15:00,GBPJPY,short,186.85200,189.62650,181.30300,partial,0.5,122.44,61.22,11998.85,2024-09-06 21:00,,yes,
2024-09-10 05:00,2024-09-10 10:00,AUDUSD,short,0.66646,0.66739,0.66460,partial,0.5,122.44,61.22,12182.51,2024-09-10 05:00,,yes,
2024-09-10 05:00,2024-09-10 08:00,GBPUSD,short,1.30770,1.31032,1.30246,loss,-1.0,122.44,-122.44,12121.29,2024-09-10 05:00,,,
2024-09-20 13:00,2024-09-24 01:00,AUDCHF,long,0.57827,0.57574,0.58333,partial,0.5,120.60,60.30,11760.98,2024-09-20 13:00,,yes,
2024-09-20 13:00,2024-09-20 14:00,AUDUSD,long,0.68215,0.67996,0.68653,loss,-1.0,120.60,-120.60,11939.47,2024-09-20 13:00,,,
2024-09-23 01:00,2024-09-23 08:00,EURUSD,long,1.11591,1.11351,1.12071,loss,-1.0,119.39,-119.39,11820.08,2024-09-23 01:00,,,
2024-09-23 01:00,2024-09-23 08:00,GBPUSD,long,1.33110,1.32672,1.33986,loss,-1.0,119.39,-119.39,11700.68,2024-09-23 01:00,,,
2024-09-24 09:00,2024-09-24 14:00,AUDCHF,long,0.57961,0.57804,0.58275,win,1.5,117.61,176.41,11937.40,2024-09-24 09:00,,yes,
2024-09-25 17:00,2024-09-26 07:00,AUDCHF,long,0.58027,0.57851,0.58379,win,1.5,119.37,179.06,12116.46,2024-09-25 17:00,,yes,
2024-09-26 05:00,2024-09-26 16:00,AUDUSD,long,0.68443,0.68171,0.68987,win,1.5,119.37,179.06,12414.89,2024-09-26 05:00,,yes,
2024-09-26 05:00,2024-09-26 08:00,EURCHF,long,0.94688,0.94532,0.95000,partial,0.5,119.37,59.69,12176.15,2024-09-26 05:00,,yes,
2024-09-26 05:00,2024-09-26 13:00,EURUSD,long,1.11417,1.11206,1.11839,partial,0.5,119.37,59.69,12235.83,2024-09-26 05:00,yes,yes,
2024-09-26 09:00,2024-10-01 14:00,AUDCHF,long,0.58298,0.57925,0.59044,partial,0.5,121.76,60.88,12413.08,2024-09-26 09:00,,yes,
2024-09-27 01:00,2024-09-27 08:00,EURUSD,long,1.11693,1.11248,1.12583,loss,-1.0,124.15,-124.15,12290.74,2024-09-27 01:00,,,
2024-09-27 17:00,2024-10-01 17:00,AUDUSD,long,0.69098,0.68671,0.69952,loss,-1.0,122.91,-122.91,12475.45,2024-09-27 17:00,,,
2024-09-27 17:00,2024-09-30 13:00,GBPUSD,long,1.33834,1.33590,1.34322,partial,0.5,122.91,61.45,12352.20,2024-09-27 17:00,,yes,
2024-09-30 21:00,2024-10-01 14:00,EURCHF,short,0.94151,0.94518,0.93417,win,1.5,123.52,185.28,12598.36,2024-09-30 21:00,,yes,
2024-10-01 17:00,2024-10-04 14:00,EURCHF,short,0.93582,0.94348,0.92050,loss,-1.0,124.75,-124.75,12413.08,2024-10-01 17:00,,,
2024-10-03 21:00,2024-10-04 13:00,EURUSD,short,1.10303,1.10482,1.09945,win,1.5,124.75,187.13,12537.83,2024-10-03 21:00,,yes,
2024-10-03 21:00,2024-10-04 05:00,GBPJPY,long,192.84500,192.12200,194.29100,loss,-1.0,124.75,-124.75,12350.70,2024-10-03 21:00,,,
2024-10-04 17:00,2024-11-13 07:00,USDJPY,long,148.93950,145.91050,154.99750,win,1.5,124.13,186.20,12585.04,2024-10-04 17:00,,yes,
2024-10-04 21:00,2024-10-17 08:00,EURUSD,short,1.09750,1.10379,1.08492,win,1.5,124.13,186.20,12411.84,2024-10-04 21:00,,yes,
2024-10-09 09:00,2024-10-09 22:00,EURCHF,short,0.93974,0.94193,0.93536,loss,-1.0,124.13,-124.13,12288.95,2024-10-09 09:00,,,
2024-10-09 17:00,2024-10-10 15:00,GBPJPY,long,195.03300,193.58250,197.93400,loss,-1.0,124.13,-124.13,12164.82,2024-10-09 17:00,,,
2024-10-15 13:00,2024-10-16 00:00,AUDUSD,short,0.67167,0.67338,0.66825,win,1.5,121.65,182.47,12347.29,2024-10-15 13:00,,yes,
2024-10-15 21:00,2024-10-16 02:00,GBPJPY,long,195.05800,194.64050,195.89300,loss,-1.0,121.65,-121.65,12225.64,2024-10-15 21:00,,,
2024-10-16 01:00,2024-10-28 04:00,AUDUSD,short,0.66798,0.67271,0.65852,win,1.5,123.47,185.21,12534.99,2024-10-16 01:00,,yes,
2024-10-17 17:00,2024-10-24 19:00,EURCHF,short,0.93727,0.94112,0.92957,partial,0.5,124.12,62.06,12411.22,2024-10-17 17:00,,yes,
2024-10-17 21:00,2024-10-25 09:00,EURUSD,short,1.08313,1.08748,1.07443,partial,0.5,124.12,62.06,12473.27,2024-10-17 21:00,,yes,
2024-10-17 21:00,2024-10-18 03:00,GBPUSD,short,1.30112,1.30244,1.29848,loss,-1.0,124.12,-124.12,12287.72,2024-10-17 21:00,,,
2024-10-21 17:00,2024-10-22 14:00,GBPJPY,long,195.47550,194.56150,197.30350,partial,0.5,122.88,61.44,12349.16,2024-10-21 17:00,,yes,
2024-10-23 17:00,2024-10-25 13:00,GBPUSD,short,1.29285,1.29959,1.27937,loss,-1.0,123.49,-123.49,12349.78,2024-10-23 17:00,,,
2024-10-28 01:00,2024-10-29 04:00,AUDCHF,short,0.57353,0.57613,0.56833,win,1.5,123.50,185.25,12720.24,2024-10-28 01:00,,yes,
2024-10-28 21:00,2024-10-30 09:00,AUDUSD,short,0.65831,0.66114,0.65265,partial,0.5,125.35,62.67,12846.52,2024-10-28 21:00,,yes,
2024-10-29 17:00,2024-10-31 05:00,GBPJPY,long,199.60550,198.03150,202.75350,loss,-1.0,127.20,-127.20,12592.11,2024-10-29 17:00,,,
2024-10-29 21:00,2024-10-30 09:00,EURUSD,short,1.08183,1.08274,1.08001,loss,-1.0,127.20,-127.20,12719.31,2024-10-29 21:00,,,
2024-10-30 01:00,2024-10-30 08:00,AUDCHF,short,0.56908,0.57068,0.56588,partial,0.5,127.20,63.60,12783.84,2024-10-30 01:00,,yes,
2024-10-31 01:00,2024-11-03 23:00,AUDUSD,short,0.65650,0.65972,0.65006,loss,-1.0,127.19,-127.19,12339.00,2024-10-31 01:00,,,
2024-10-31 13:00,2024-11-01 18:00,EURUSD,long,1.08799,1.08432,1.09533,loss,-1.0,125.92,-125.92,12466.19,2024-10-31 13:00,,,
2024-11-04 02:00,2024-11-04 03:00,GBPUSD,short,1.29752,1.29815,1.29626,loss,-1.0,123.39,-123.39,12215.61,2024-11-04 02:00,,,
2024-11-08 22:00,2024-11-13 16:00,EURUSD,short,1.07196,1.07984,1.05620,win,1.5,122.16,183.23,12768.27,2024-11-08 22:00,,yes,
2024-11-08 22:00,2024-11-12 08:00,GBPUSD,short,1.29201,1.29777,1.28049,win,1.5,122.16,183.23,12398.84,2024-11-08 22:00,,yes,
2024-11-13 22:00,2024-11-25 00:00,AUDUSD,short,0.64855,0.65472,0.63621,loss,-1.0,127.68,-127.68,12641.55,2024-11-13 22:00,,,
2024-11-13 22:00,2024-11-22 10:00,EURUSD,short,1.05633,1.06550,1.03799,win,1.5,127.68,191.52,12706.65,2024-11-13 22:00,,yes,
2024-11-13 22:00,2024-11-14 16:00,GBPUSD,short,1.27083,1.27708,1.25833,partial,0.5,127.68,63.84,12832.11,2024-11-13 22:00,,yes,
2024-11-14 02:00,2024-11-15 18:00,USDJPY,long,155.86950,154.33200,158.94450,loss,-1.0,127.68,-127.68,12704.43,2024-11-14 02:00,,,
2024-11-15 02:00,2024-11-18 18:00,GBPUSD,short,1.26652,1.27213,1.25530,partial,0.5,128.32,64.16,12641.55,2024-11-15 02:00,,yes,
2024-11-18 14:00,2024-11-18 18:00,AUDCHF,short,0.57265,0.57516,0.56763,loss,-1.0,127.04,-127.04,12577.39,2024-11-18 14:00,,,
2024-11-19 14:00,2024-11-20 00:00,GBPUSD,short,1.26357,1.26906,1.25259,loss,-1.0,126.42,-126.42,12515.13,2024-11-19 14:00,,,
2024-11-20 18:00,2024-11-22 14:00,EURCHF,short,0.93129,0.93668,0.92051,partial,0.5,125.15,62.58,12769.23,2024-11-20 18:00,,yes,
2024-11-22 18:00,2024-11-25 00:00,EURUSD,short,1.04190,1.04991,1.02588,loss,-1.0,127.69,-127.69,12513.86,2024-11-22 18:00,,,
2024-11-25 10:00,2024-11-26 01:00,EURCHF,short,0.93246,0.93476,0.92786,win,1.5,125.14,187.71,12701.56,2024-11-25 10:00,,yes,
2024-11-25 18:00,2024-11-27 02:00,GBPJPY,short,193.73950,194.63950,191.93950,win,1.5,125.14,187.71,12951.84,2024-11-25 18:00,,yes,
2024-11-25 22:00,2024-11-26 10:00,GBPUSD,short,1.25686,1.26144,1.24770,partial,0.5,125.14,62.57,12764.13,2024-11-25 22:00,,yes,
2024-11-26 22:00,2024-11-28 10:00,EURCHF,short,0.92982,0.93281,0.92384,loss,-1.0,127.64,-127.64,12694.68,2024-11-26 22:00,,,
2024-11-27 18:00,2024-11-28 00:00,AUDUSD,short,0.64939,0.65018,0.64781,loss,-1.0,129.52,-129.52,12822.32,2024-11-27 18:00,,,
2024-11-28 22:00,2024-11-29 00:00,USDJPY,short,151.54300,151.96050,150.70800,partial,0.5,126.95,63.47,12758.15,2024-11-28 22:00,yes,yes,
2024-11-28 22:00,2024-11-29 00:00,GBPJPY,short,192.25850,192.48650,191.80250,win,1.5,126.95,190.42,12948.57,2024-11-28 22:00,,yes,
2024-11-29 10:00,2024-12-04 08:00,GBPJPY,short,190.59750,192.36150,187.06950,partial,0.5,129.49,64.74,13340.28,2024-11-29 10:00,,yes,
2024-12-02 02:00,2024-12-02 13:00,GBPUSD,long,1.26906,1.26710,1.27298,partial,0.5,129.49,64.74,13078.06,2024-12-02 02:00,,yes,
2024-12-02 06:00,2024-12-02 08:00,EURCHF,short,0.93114,0.93264,0.92814,partial,0.5,129.49,64.74,13013.32,2024-12-02 06:00,yes,yes,
2024-12-02 14:00,2024-12-03 04:00,USDJPY,short,150.08100,150.75950,148.72400,partial,0.5,130.78,65.39,13143.45,2024-12-02 14:00,,yes,
2024-12-02 22:00,2024-12-03 16:00,EURCHF,short,0.93092,0.93254,0.92768,partial,0.5,130.78,65.39,13208.84,2024-12-02 22:00,yes,yes,
2024-12-02 22:00,2024-12-04 16:00,EURUSD,short,1.04978,1.05393,1.04148,loss,-1.0,130.78,-130.78,13209.50,2024-12-02 22:00,,,
2024-12-03 14:00,2024-12-04 08:00,USDJPY,short,148.85850,150.24800,146.07950,loss,-1.0,131.43,-131.43,13275.54,2024-12-03 14:00,,,
2024-12-03 18:00,2024-12-04 02:00,AUDUSD,short,0.64904,0.65057,0.64598,win,1.5,132.09,198.13,13406.97,2024-12-03 18:00,,yes,
2024-12-05 06:00,2024-12-05 08:00,AUDUSD,short,0.64369,0.64444,0.64219,loss,-1.0,132.10,-132.10,13077.41,2024-12-05 06:00,,,
2024-12-05 18:00,2024-12-09 10:00,AUDCHF,short,0.56633,0.57044,0.55811,partial,0.5,130.77,65.39,13142.79,2024-12-05 18:00,,yes,
2024-12-09 22:00,2024-12-10 04:00,AUDCHF,short,0.56615,0.56824,0.56197,win,1.5,131.43,197.14,13339.93,2024-12-09 22:00,,yes,
2024-12-09 22:00,2024-12-11 03:00,EURCHF,short,0.92755,0.93036,0.92193,loss,-1.0,131.43,-131.43,13208.51,2024-12-09 22:00,,,
2024-12-10 18:00,2024-12-18 20:00,EURUSD,short,1.05097,1.05692,1.03907,win,1.5,133.40,200.10,13145.76,2024-12-10 18:00,,yes,
2024-12-11 14:00,2024-12-12 01:00,AUDCHF,short,0.56162,0.56431,0.55624,loss,-1.0,132.09,-132.09,13076.42,2024-12-11 14:00,,,
2024-12-11 18:00,2024-12-19 07:00,USDJPY,long,152.49700,150.99800,155.49500,win,1.5,132.09,198.13,13343.88,2024-12-11 18:00,,yes,
2024-12-16 22:00,2024-12-18 16:00,EURCHF,long,0.93995,0.93502,0.94981,loss,-1.0,130.76,-130.76,12945.66,2024-12-16 22:00,,,
2024-12-19 02:00,2025-01-24 07:00,AUDUSD,short,0.62248,0.63282,0.60180,loss,-1.0,131.46,-131.46,13882.73,2024-12-19 02:00,,,
2024-12-19 18:00,2024-12-20 17:00,EURUSD,short,1.03616,1.04233,1.02382,loss,-1.0,133.44,-133.44,13210.45,2024-12-19 18:00,,,
2024-12-19 18:00,2025-01-10 14:00,GBPUSD,short,1.25102,1.26680,1.21946,win,1.5,133.44,200.16,13603.04,2024-12-19 18:00,,yes,
2024-12-20 02:00,2024-12-25 23:00,AUDCHF,short,0.55950,0.56273,0.55304,loss,-1.0,133.44,-133.44,13077.01,2024-12-20 02:00,,,
2024-12-23 02:00,2024-12-26 12:00,USDJPY,long,156.45900,155.94450,157.48800,win,1.5,132.10,198.16,13275.16,2024-12-23 02:00,,yes,
2024-12-27 14:00,2025-01-02 11:00,EURCHF,long,0.94029,0.93597,0.94893,loss,-1.0,132.75,-132.75,13009.66,2024-12-27 14:00,,,
2024-12-27 14:00,2024-12-27 17:00,USDJPY,long,157.79800,157.49600,158.40200,loss,-1.0,132.75,-132.75,13142.41,2024-12-27 14:00,,,
2025-01-02 14:00,2025-01-06 02:00,EURUSD,short,1.03135,1.03767,1.01871,partial,0.5,130.10,65.05,13074.71,2025-01-02 14:00,,yes,
2025-01-06 22:00,2025-01-08 12:00,EURCHF,long,0.93990,0.93646,0.94678,partial,0.5,130.75,65.37,13336.20,2025-01-06 22:00,,yes,
2025-01-06 22:00,2025-01-06 23:00,GBPJPY,short,197.37500,197.42650,197.27200,win,1.5,130.75,196.12,13270.83,2025-01-06 22:00,,yes,
2025-01-09 06:00,2025-01-09 08:00,EURUSD,short,1.03068,1.03253,1.02698,partial,0.5,133.36,66.68,13402.88,2025-01-09 06:00,yes,yes,
2025-01-09 22:00,2025-01-10 14:00,USDJPY,long,158.13750,157.56700,159.27850,partial,0.5,134.03,67.01,13670.06,2025-01-09 22:00,yes,yes,
2025-01-10 14:00,2025-01-10 17:00,GBPJPY,short,193.93500,194.78700,192.23100,win,1.5,136.70,205.05,13875.11,2025-01-10 14:00,,yes,
2025-01-10 22:00,2025-01-12 23:00,EURCHF,long,0.93888,0.93837,0.93990,win,1.5,138.75,208.13,14083.23,2025-01-10 22:00,,yes,
2025-01-10 22:00,2025-01-20 15:00,GBPUSD,short,1.22085,1.23228,1.19799,loss,-1.0,138.75,-138.75,14085.31,2025-01-10 22:00,,,
2025-01-14 10:00,2025-01-14 14:00,EURUSD,short,1.02596,1.02786,1.02216,partial,0.5,140.83,70.42,14153.65,2025-01-14 10:00,,yes,
2025-01-14 10:00,2025-01-14 16:00,GBPJPY,short,192.34500,192.93550,191.16400,partial,0.5,140.83,70.42,14224.07,2025-01-14 10:00,,yes,
2025-01-21 10:00,2025-01-22 04:00,USDJPY,short,155.90100,156.25600,155.19100,partial,0.5,140.85,70.43,14155.74,2025-01-21 10:00,,yes,
2025-01-21 18:00,2025-01-28 09:00,EURUSD,long,1.04213,1.03411,1.05817,partial,0.5,140.85,70.43,13953.15,2025-01-21 18:00,,yes,
2025-01-21 22:00,2025-02-02 23:00,GBPUSD,long,1.23574,1.22283,1.26156,partial,0.5,140.85,70.43,13745.91,2025-01-21 22:00,,yes,
2025-01-22 10:00,2025-01-23 03:00,EURCHF,long,0.94471,0.94281,0.94851,loss,-1.0,141.56,-141.56,14014.18,2025-01-22 10:00,,,
2025-01-27 18:00,2025-02-12 14:00,USDJPY,short,154.29550,156.25850,150.36950,partial,0.5,138.83,69.41,13334.91,2025-01-27 18:00,,yes,
2025-01-29 02:00,2025-01-29 14:00,GBPJPY,long,193.64750,192.76500,195.41250,loss,-1.0,139.53,-139.53,13813.62,2025-01-29 02:00,,,
2025-01-31 10:00,2025-01-31 14:00,EURCHF,long,0.94565,0.94463,0.94769,loss,-1.0,138.14,-138.14,13675.48,2025-01-31 10:00,,,
2025-02-05 14:00,2025-02-09 23:00,AUDUSD,long,0.62778,0.62392,0.63550,loss,-1.0,137.46,-137.46,13333.53,2025-02-05 14:00,,,
2025-02-05 14:00,2025-02-06 09:00,GBPUSD,long,1.25149,1.24625,1.26197,loss,-1.0,137.46,-137.46,13608.45,2025-02-05 14:00,,,
2025-02-05 18:00,2025-02-07 03:00,EURCHF,short,0.93850,0.94077,0.93396,loss,-1.0,137.46,-137.46,13470.99,2025-02-05 18:00,,,
2025-02-07 22:00,2025-02-11 20:00,GBPJPY,short,187.76800,189.59500,184.11400,loss,-1.0,134.71,-134.71,13198.82,2025-02-07 22:00,,,
2025-02-10 10:00,2025-02-12 10:00,AUDCHF,long,0.57151,0.56777,0.57899,partial,0.5,133.34,66.67,13265.49,2025-02-10 10:00,,yes,
2025-02-14 06:00,2025-02-28 19:00,EURUSD,long,1.04528,1.03721,1.06142,loss,-1.0,133.35,-133.35,12997.91,2025-02-14 06:00,,,
2025-02-17 10:00,2025-02-18 02:00,AUDUSD,long,0.63668,0.63451,0.64102,loss,-1.0,133.35,-133.35,13268.23,2025-02-17 10:00,,,
2025-02-17 10:00,2025-02-17 13:00,GBPUSD,long,1.25915,1.25773,1.26199,partial,0.5,133.35,66.67,13401.58,2025-02-17 10:00,,yes,
2025-02-18 18:00,2025-02-18 23:00,GBPJPY,short,191.44450,191.96000,190.41350,loss,-1.0,132.68,-132.68,13135.55,2025-02-18 18:00,,,
2025-02-18 22:00,2025-02-19 12:00,GBPUSD,long,1.26127,1.25812,1.26757,loss,-1.0,132.68,-132.68,13002.87,2025-02-18 22:00,,,
2025-02-24 14:00,2025-02-24 15:00,GBPJPY,short,189.37900,189.60100,188.93500,win,1.5,130.03,195.04,13197.91,2025-02-24 14:00,,yes,
2025-02-24 22:00,2025-02-25 00:00,USDJPY,short,149.72650,149.88400,149.41150,loss,-1.0,131.98,-131.98,13065.93,2025-02-24 22:00,,,
2025-02-25 14:00,2025-02-25 19:00,EURCHF,short,0.93843,0.94010,0.93509,partial,0.5,130.66,65.33,13131.26,2025-02-25 14:00,,yes,
2025-02-27 22:00,2025-03-05 16:00,AUDCHF,short,0.56098,0.56631,0.55032,partial,0.5,131.31,65.66,12933.59,2025-02-27 22:00,,yes,
2025-03-04 02:00,2025-03-04 21:00,AUDUSD,short,0.62101,0.62555,0.61193,loss,-1.0,129.98,-129.98,12867.93,2025-03-04 02:00,,,
2025-03-06 10:00,2025-03-18 00:00,USDJPY,short,147.88500,149.34350,144.96800,loss,-1.0,129.34,-129.34,12995.31,2025-03-06 10:00,,,
2025-03-06 18:00,2025-03-06 19:00,EURUSD,long,1.07971,1.07795,1.08323,loss,-1.0,129.34,-129.34,12804.25,2025-03-06 18:00,,,
2025-03-06 22:00,2025-03-07 09:00,GBPUSD,long,1.28830,1.28650,1.29190,win,1.5,128.04,192.06,12996.32,2025-03-06 22:00,,yes,
2025-03-10 17:00,2025-03-10 19:00,GBPUSD,long,1.28946,1.28732,1.29374,loss,-1.0,129.96,-129.96,12866.35,2025-03-10 17:00,,,
2025-03-13 21:00,2025-03-14 08:00,EURCHF,long,0.95725,0.95633,0.95909,win,1.5,128.66,193.00,13059.35,2025-03-13 21:00,,yes,
2025-03-14 01:00,2025-03-14 08:00,GBPUSD,long,1.29452,1.29199,1.29958,loss,-1.0,128.66,-128.66,12930.68,2025-03-14 01:00,,,
2025-03-14 09:00,2025-03-14 11:00,EURCHF,long,0.95905,0.95664,0.96387,win,1.5,129.31,193.96,13124.64,2025-03-14 09:00,,yes,
2025-03-17 17:00,2025-03-19 18:00,EURUSD,long,1.09213,1.08677,1.10285,loss,-1.0,131.25,-131.25,12669.13,2025-03-17 17:00,,,
2025-03-19 01:00,2025-03-19 08:00,EURCHF,long,0.95952,0.95761,0.96334,loss,-1.0,129.95,-129.95,12865.36,2025-03-19 01:00,,,
2025-03-19 01:00,2025-03-19 08:00,GBPJPY,long,194.43500,193.80150,195.70200,loss,-1.0,129.95,-129.95,12800.38,2025-03-19 01:00,,,
2025-03-19 05:00,2025-03-19 08:00,USDJPY,long,149.53700,149.08800,150.43500,partial,0.5,129.95,64.98,12930.33,2025-03-19 05:00,,yes,
2025-03-19 17:00,2025-03-19 19:00,USDJPY,long,149.94250,149.13250,151.56250,loss,-1.0,128.00,-128.00,12541.13,2025-03-19 17:00,,,
2025-03-20 01:00,2025-03-20 10:00,GBPUSD,long,1.30092,1.29542,1.31192,loss,-1.0,125.41,-125.41,12415.72,2025-03-20 01:00,,,
2025-03-21 21:00,2025-03-27 16:00,EURUSD,short,1.08150,1.08623,1.07204,partial,0.5,124.16,62.08,12477.80,2025-03-21 21:00,,yes,
2025-03-24 21:00,2025-03-30 23:00,USDJPY,long,150.70050,149.48450,153.13250,loss,-1.0,124.16,-124.16,12291.87,2025-03-24 21:00,,,
2025-03-25 17:00,2025-03-30 23:00,AUDUSD,long,0.63049,0.62775,0.63597,loss,-1.0,124.16,-124.16,12416.03,2025-03-25 17:00,,,
2025-03-28 09:00,2025-03-28 15:00,AUDCHF,short,0.55560,0.55726,0.55228,partial,0.5,124.78,62.39,12540.19,2025-03-28 09:00,yes,yes,
2025-03-31 01:00,2025-04-02 07:00,AUDCHF,short,0.55258,0.55700,0.54374,loss,-1.0,122.92,-122.92,12046.03,2025-03-31 01:00,,,
2025-04-01 13:00,2025-04-01 15:00,AUDUSD,short,0.62531,0.62699,0.62195,loss,-1.0,122.92,-122.92,12168.95,2025-04-01 13:00,,,
2025-04-01 21:00,2025-04-02 21:00,EURCHF,long,0.95393,0.95111,0.95957,win,1.5,121.69,182.53,12228.57,2025-04-01 21:00,,yes,
2025-04-03 09:00,2025-04-03 11:00,EURCHF,long,0.95354,0.95190,0.95682,win,1.5,122.29,183.43,12412.00,2025-04-03 09:00,,yes,
2025-04-04 05:00,2025-04-04 07:00,GBPUSD,long,1.30977,1.30789,1.31353,loss,-1.0,124.12,-124.12,12287.88,2025-04-04 05:00,,,
2025-04-07 05:00,2025-04-07 15:00,EURCHF,short,0.93685,0.94460,0.92135,loss,-1.0,122.88,-122.88,12165.00,2025-04-07 05:00,,,
2025-04-07 09:00,2025-04-10 16:00,EURUSD,long,1.09922,1.08796,1.12174,win,1.5,122.88,184.32,12045.80,2025-04-07 09:00,,yes,
2025-04-08 01:00,2025-04-09 13:00,GBPJPY,short,188.22900,190.11200,184.46300,win,1.5,121.65,182.47,12225.82,2025-04-08 01:00,,yes,
2025-04-08 17:00,2025-04-09 18:00,AUDCHF,short,0.51017,0.52152,0.48747,loss,-1.0,121.65,-121.65,12104.17,2025-04-08 17:00,,,
2025-04-08 17:00,2025-04-08 19:00,GBPUSD,short,1.27728,1.27976,1.27232,loss,-1.0,121.65,-121.65,12043.35,2025-04-08 17:00,,,
2025-04-09 01:00,2025-04-09 18:00,AUDUSD,short,0.59604,0.60864,0.57084,loss,-1.0,120.43,-120.43,11983.74,2025-04-09 01:00,,,
2025-04-09 17:00,2025-04-09 18:00,EURCHF,short,0.92767,0.93500,0.91301,loss,-1.0,122.26,-122.26,11861.48,2025-04-09 17:00,,,
2025-04-15 01:00,2025-04-15 07:00,EURUSD,long,1.13288,1.12949,1.13966,partial,0.5,120.46,60.23,12166.26,2025-04-15 01:00,,yes,
2025-04-15 01:00,2025-04-15 08:00,USDJPY,short,143.51050,144.09350,142.34450,partial,0.5,120.46,60.23,12226.49,2025-04-15 01:00,,yes,
2025-04-15 01:00,2025-04-15 02:00,GBPJPY,short,189.05300,189.21800,188.72300,partial,0.5,120.46,60.23,12106.03,2025-04-15 01:00,yes,yes,
2025-04-15 13:00,2025-04-16 09:00,USDJPY,short,142.87350,143.60550,141.40950,partial,0.5,122.26,61.13,12287.62,2025-04-15 13:00,,yes,
2025-04-16 09:00,2025-04-17 02:00,USDJPY,short,142.62350,143.30350,141.26350,partial,0.5,122.88,61.44,12349.06,2025-04-16 09:00,,yes,
2025-04-17 13:00,2025-04-21 01:00,GBPUSD,long,1.32494,1.32018,1.33446,win,1.5,123.49,185.24,12596.04,2025-04-17 13:00,,yes,
2025-04-17 17:00,2025-04-21 01:00,USDJPY,short,142.46400,143.10000,141.19200,win,1.5,123.49,185.24,12781.27,2025-04-17 17:00,,yes,
2025-04-18 05:00,2025-04-20 22:00,GBPJPY,short,188.84550,189.17000,188.19650,partial,0.5,123.49,61.75,12410.80,2025-04-18 05:00,yes,yes,
2025-04-21 05:00,2025-04-22 15:00,GBPJPY,short,188.39750,189.09600,187.00050,partial,0.5,127.81,63.91,12777.44,2025-04-21 05:00,,yes,
2025-04-22 01:00,2025-04-22 03:00,EURUSD,long,1.14906,1.14808,1.15102,win,1.5,127.81,191.72,12972.99,2025-04-22 01:00,,yes,
2025-04-22 09:00,2025-04-22 10:00,AUDUSD,long,0.64087,0.64004,0.64253,loss,-1.0,129.73,-129.73,12843.26,2025-04-22 09:00,,,
2025-04-22 09:00,2025-04-22 13:00,GBPUSD,long,1.33874,1.33610,1.34402,loss,-1.0,129.73,-129.73,12713.53,2025-04-22 09:00,,,
2025-04-22 09:00,2025-04-22 17:00,USDJPY,short,140.51750,141.18500,139.18250,loss,-1.0,129.73,-129.73,12647.71,2025-04-22 09:00,,,
2025-04-24 17:00,2025-04-29 15:00,AUDCHF,long,0.52989,0.52552,0.53863,loss,-1.0,126.48,-126.48,12584.47,2025-04-24 17:00,,,
2025-04-24 17:00,2025-04-30 14:00,GBPJPY,long,190.13200,189.29250,191.81100,partial,0.5,126.48,63.24,12396.02,2025-04-24 17:00,,yes,
2025-04-24 21:00,2025-04-28 17:00,EURCHF,long,0.94196,0.93830,0.94928,loss,-1.0,126.48,-126.48,12710.95,2025-04-24 21:00,,,
2025-04-25 13:00,2025-04-30 15:00,EURUSD,long,1.13523,1.13147,1.14275,partial,0.5,126.48,63.24,12459.26,2025-04-25 13:00,,yes,
2025-04-25 17:00,2025-04-28 15:00,GBPUSD,long,1.33196,1.32732,1.34124,win,1.5,126.48,189.72,12837.42,2025-04-25 17:00,,yes,
2025-04-29 21:00,2025-04-30 09:00,GBPUSD,long,1.34074,1.33794,1.34634,loss,-1.0,125.84,-125.84,12332.78,2025-04-29 21:00,,,
2025-04-29 21:00,2025-04-30 08:00,USDJPY,short,142.30000,142.76950,141.36100,loss,-1.0,125.84,-125.84,12458.63,2025-04-29 21:00,,,
2025-05-01 21:00,2025-05-02 10:00,EURUSD,short,1.12902,1.13421,1.11864,loss,-1.0,124.59,-124.59,12334.67,2025-05-01 21:00,,,
2025-05-02 21:00,2025-05-07 11:00,AUDCHF,long,0.53302,0.52852,0.54202,partial,0.5,123.35,61.67,12272.99,2025-05-02 21:00,,yes,
2025-05-05 09:00,2025-05-07 20:00,AUDUSD,long,0.64780,0.64333,0.65674,loss,-1.0,123.35,-123.35,12149.65,2025-05-05 09:00,,,
2025-05-07 09:00,2025-05-07 10:00,GBPUSD,long,1.33363,1.33325,1.33439,loss,-1.0,123.35,-123.35,12211.32,2025-05-07 09:00,,,
2025-05-09 01:00,2025-05-14 09:00,GBPUSD,short,1.32397,1.33460,1.30271,loss,-1.0,121.50,-121.50,12510.77,2025-05-09 01:00,,,
2025-05-09 17:00,2025-05-12 10:00,GBPJPY,long,193.32700,192.34450,195.29200,win,1.5,121.50,182.24,12696.38,2025-05-09 17:00,,yes,
2025-05-12 01:00,2025-05-12 08:00,EURUSD,short,1.12387,1.12940,1.11281,win,1.5,121.50,182.24,12331.89,2025-05-12 01:00,,yes,
2025-05-12 01:00,2025-05-12 09:00,USDJPY,long,145.90850,144.81600,148.09350,win,1.5,121.50,182.24,12514.14,2025-05-12 01:00,,yes,
2025-05-13 01:00,2025-05-13 08:00,EURCHF,long,0.93696,0.93545,0.93998,loss,-1.0,126.96,-126.96,12569.42,2025-05-13 01:00,,,
2025-05-13 09:00,2025-05-14 06:00,GBPJPY,long,195.42400,194.77500,196.72200,partial,0.5,125.69,62.85,12632.26,2025-05-13 09:00,,yes,
2025-05-14 21:00,2025-05-14 22:00,AUDCHF,long,0.54142,0.54002,0.54422,loss,-1.0,125.11,-125.11,12385.66,2025-05-14 21:00,,,
2025-05-14 21:00,2025-05-19 10:00,EURUSD,short,1.11740,1.12668,1.09884,loss,-1.0,125.11,-125.11,12135.44,2025-05-14 21:00,,,
2025-05-14 21:00,2025-05-15 07:00,USDJPY,long,146.74950,145.59600,149.05650,loss,-1.0,125.11,-125.11,12260.55,2025-05-14 21:00,,,
2025-05-22 21:00,2025-05-23 08:00,GBPUSD,long,1.34191,1.33899,1.34775,win,1.5,121.35,182.03,12317.48,2025-05-22 21:00,,yes,
2025-05-23 05:00,2025-05-28 02:00,EURUSD,long,1.13180,1.12550,1.14440,partial,0.5,121.35,60.68,12315.95,2025-05-23 05:00,,yes,
2025-05-26 21:00,2025-05-27 05:00,GBPUSD,long,1.35635,1.35502,1.35901,partial,0.5,123.17,61.59,12379.06,2025-05-26 21:00,,yes,
2025-05-27 13:00,2025-06-02 15:00,GBPJPY,long,195.32850,193.05300,199.87950,loss,-1.0,123.79,-123.79,12192.16,2025-05-27 13:00,,,
2025-05-28 01:00,2025-05-28 02:00,AUDUSD,long,0.64487,0.64338,0.64785,loss,-1.0,123.79,-123.79,12255.27,2025-05-28 01:00,,,
2025-06-03 17:00,2025-06-13 01:00,EURCHF,long,0.93710,0.93324,0.94482,partial,0.5,121.92,60.96,11829.44,2025-06-03 17:00,,yes,
2025-06-03 21:00,2025-06-04 02:00,GBPUSD,long,1.35177,1.34908,1.35715,partial,0.5,121.92,60.96,12253.12,2025-06-03 21:00,yes,yes,
2025-06-04 01:00,2025-06-04 04:00,AUDUSD,long,0.64607,0.64460,0.64901,partial,0.5,121.92,60.96,12314.08,2025-06-04 01:00,,yes,
2025-06-04 01:00,2025-06-04 06:00,EURUSD,long,1.13828,1.13631,1.14222,loss,-1.0,121.92,-121.92,12192.16,2025-06-04 01:00,,,
2025-06-04 17:00,2025-06-19 15:00,AUDUSD,long,0.65034,0.64496,0.66110,loss,-1.0,121.92,-121.92,11706.07,2025-06-04 17:00,,,
2025-06-04 17:00,2025-06-10 07:00,GBPUSD,long,1.35715,1.35002,1.37141,loss,-1.0,121.92,-121.92,12131.20,2025-06-04 17:00,,,
2025-06-09 09:00,2025-06-11 19:00,AUDCHF,long,0.53536,0.53327,0.53954,loss,-1.0,121.92,-121.92,11887.35,2025-06-09 09:00,,,
2025-06-09 21:00,2025-06-10 06:00,USDJPY,long,144.60750,143.96650,145.88950,partial,0.5,121.92,60.96,12253.12,2025-06-09 21:00,,yes,
2025-06-09 21:00,2025-06-10 07:00,GBPJPY,long,195.94350,195.43650,196.95750,loss,-1.0,121.92,-121.92,12009.28,2025-06-09 21:00,,,
2025-06-11 21:00,2025-06-11 23:00,USDJPY,long,144.56450,144.31400,145.06550,loss,-1.0,118.87,-118.87,11768.48,2025-06-11 21:00,,,
2025-06-12 17:00,2025-06-13 07:00,GBPUSD,long,1.35916,1.35218,1.37312,loss,-1.0,117.68,-117.68,11711.76,2025-06-12 17:00,,,
2025-06-13 21:00,2025-06-17 00:00,EURUSD,long,1.15501,1.14881,1.16741,partial,0.5,117.12,58.56,11653.20,2025-06-13 21:00,,yes,
2025-06-16 01:00,2025-06-16 08:00,AUDCHF,short,0.52697,0.52900,0.52291,loss,-1.0,117.12,-117.12,11594.64,2025-06-16 01:00,,,
2025-06-17 09:00,2025-06-17 12:00,EURUSD,long,1.15520,1.15416,1.15728,win,1.5,116.53,174.80,11828.00,2025-06-17 09:00,,yes,
2025-06-18 05:00,2025-06-24 15:00,EURCHF,long,0.93941,0.93592,0.94639,loss,-1.0,118.28,-118.28,11646.33,2025-06-18 05:00,,,
2025-06-20 21:00,2025-06-23 18:00,AUDUSD,short,0.64484,0.64966,0.63520,partial,0.5,117.06,58.53,11764.61,2025-06-20 21:00,,yes,
2025-06-23 09:00,2025-07-02 13:00,GBPJPY,long,198.00850,196.15950,201.70650,loss,-1.0,117.06,-117.06,11410.76,2025-06-23 09:00,,,
2025-06-24 17:00,2025-07-10 16:00,AUDCHF,short,0.52316,0.52869,0.51210,partial,0.5,116.46,58.23,11353.11,2025-06-24 17:00,,yes,
2025-06-27 09:00,2025-06-27 13:00,EURUSD,long,1.17096,1.16799,1.17690,partial,0.5,116.46,58.23,11704.56,2025-06-27 09:00,yes,yes,
2025-06-30 05:00,2025-07-01 09:00,EURUSD,long,1.17305,1.16870,1.18175,win,1.5,117.05,175.57,11763.08,2025-06-30 05:00,,yes,
2025-06-30 05:00,2025-06-30 14:00,GBPUSD,long,1.37296,1.36821,1.38246,loss,-1.0,117.05,-117.05,11587.51,2025-06-30 05:00,,,
2025-06-30 21:00,2025-07-07 03:00,AUDUSD,long,0.65804,0.65220,0.66972,loss,-1.0,115.88,-115.88,11294.88,2025-06-30 21:00,,,
2025-07-02 01:00,2025-07-02 12:00,EURUSD,long,1.18077,1.17603,1.19025,loss,-1.0,117.63,-117.63,11527.82,2025-07-02 01:00,,,
2025-07-02 05:00,2025-07-02 06:00,USDJPY,short,143.55500,143.81500,143.03500,loss,-1.0,117.63,-117.63,11645.45,2025-07-02 05:00,,,
2025-07-11 01:00,2025-07-11 02:00,AUDUSD,long,0.65675,0.65410,0.66205,partial,0.5,113.53,56.77,11409.88,2025-07-11 01:00,yes,yes,
2025-07-15 21:00,2025-07-16 16:00,GBPUSD,short,1.33844,1.34686,1.32160,loss,-1.0,114.10,-114.10,11295.78,2025-07-15 21:00,,,
2025-07-23 01:00,2025-07-28 08:00,EURUSD,long,1.17472,1.16779,1.18858,loss,-1.0,112.96,-112.96,11069.86,2025-07-23 01:00,,,
2025-07-24 13:00,2025-07-29 03:00,GBPJPY,long,198.69650,198.12500,199.83950,loss,-1.0,112.96,-112.96,10956.91,2025-07-24 13:00,,,
2025-07-28 01:00,2025-07-28 07:00,AUDUSD,long,0.65811,0.65498,0.66437,loss,-1.0,112.96,-112.96,11182.82,2025-07-28 01:00,,,
2025-07-28 13:00,2025-07-30 01:00,USDJPY,long,148.05150,147.50950,149.13550,partial,0.5,110.70,55.35,11012.26,2025-07-28 13:00,,yes,
2025-07-29 01:00,2025-08-01 10:00,GBPUSD,short,1.33455,1.34410,1.31545,win,1.5,110.70,166.05,11068.18,2025-07-29 01:00,,yes,
2025-07-31 17:00,2025-08-01 13:00,AUDUSD,short,0.64321,0.64773,0.63417,loss,-1.0,110.12,-110.12,10958.06,2025-07-31 17:00,,,
2025-07-31 17:00,2025-08-01 13:00,EURUSD,short,1.14226,1.14618,1.13442,loss,-1.0,110.12,-110.12,10847.94,2025-07-31 17:00,,,
2025-07-31 21:00,2025-08-01 09:00,EURCHF,short,0.92749,0.93088,0.92071,loss,-1.0,110.12,-110.12,10902.13,2025-07-31 21:00,,,
2025-08-06 01:00,2025-08-06 07:00,EURUSD,short,1.15739,1.15872,1.15473,loss,-1.0,108.48,-108.48,10739.46,2025-08-06 01:00,,,
2025-08-08 01:00,2025-08-12 08:00,EURCHF,long,0.94100,0.93890,0.94520,partial,0.5,107.39,53.70,10685.76,2025-08-08 01:00,,yes,
2025-08-08 01:00,2025-08-11 15:00,EURUSD,long,1.16728,1.16100,1.17984,loss,-1.0,107.39,-107.39,10632.06,2025-08-08 01:00,,,
2025-08-08 09:00,2025-08-14 14:00,AUDCHF,long,0.52714,0.52429,0.53284,loss,-1.0,107.39,-107.39,10685.49,2025-08-08 09:00,,,
2025-08-12 17:00,2025-08-20 07:00,EURCHF,long,0.94304,0.94002,0.94908,loss,-1.0,106.86,-106.86,10523.08,2025-08-12 17:00,,,
2025-08-13 01:00,2025-08-13 02:00,USDJPY,long,147.80200,147.57000,148.26600,partial,0.5,106.86,53.43,10739.19,2025-08-13 01:00,yes,yes,
2025-08-13 05:00,2025-08-13 15:00,GBPJPY,long,199.78200,199.30350,200.73900,partial,0.5,107.39,53.70,10792.88,2025-08-13 05:00,,yes,
2025-08-15 01:00,2025-08-15 13:00,EURUSD,long,1.16521,1.16300,1.16963,win,1.5,106.85,160.28,10845.77,2025-08-15 01:00,,yes,
2025-08-18 17:00,2025-08-19 02:00,GBPJPY,long,199.65250,199.36900,200.21950,loss,-1.0,108.46,-108.46,10737.31,2025-08-18 17:00,,,
2025-08-19 13:00,2025-08-20 01:00,EURUSD,long,1.16756,1.16382,1.17504,loss,-1.0,107.37,-107.37,10629.94,2025-08-19 13:00,,,
2025-08-19 21:00,2025-08-21 17:00,GBPUSD,short,1.34909,1.35324,1.34079,win,1.5,107.37,161.06,10684.14,2025-08-19 21:00,,yes,
2025-08-21 21:00,2025-08-22 15:00,GBPUSD,short,1.34113,1.34837,1.32665,loss,-1.0,106.84,-106.84,10470.46,2025-08-21 21:00,,,
2025-08-21 21:00,2025-08-22 01:00,GBPJPY,short,198.97200,199.24050,198.43500,loss,-1.0,106.84,-106.84,10577.30,2025-08-21 21:00,,,
2025-08-26 21:00,2025-08-27 05:00,GBPUSD,short,1.34803,1.34943,1.34523,win,1.5,104.70,157.06,10627.52,2025-08-26 21:00,,yes,
2025-08-27 01:00,2025-08-27 17:00,USDJPY,long,147.58450,147.09050,148.57250,partial,0.5,104.70,52.35,10575.17,2025-08-27 01:00,,yes,
2025-08-27 01:00,2025-08-27 14:00,GBPJPY,short,198.82200,199.07100,198.32400,loss,-1.0,104.70,-104.70,10522.81,2025-08-27 01:00,,,
2025-08-28 09:00,2025-08-28 11:00,AUDCHF,short,0.52233,0.52280,0.52139,partial,0.5,105.75,52.88,10628.04,2025-08-28 09:00,yes,yes,
2025-08-29 21:00,2025-09-02 08:00,EURUSD,long,1.16853,1.16499,1.17561,partial,0.5,106.28,53.14,10681.18,2025-08-29 21:00,,yes,
2025-09-02 09:00,2025-09-05 15:00,USDJPY,long,148.44000,147.03900,151.24200,loss,-1.0,106.81,-106.81,10627.78,2025-09-02 09:00,,,
2025-09-03 01:00,2025-09-05 14:00,EURCHF,long,0.93721,0.93531,0.94101,partial,0.5,106.81,53.41,10734.59,2025-09-03 01:00,,yes,
2025-09-08 09:00,2025-09-09 13:00,EURUSD,long,1.17312,1.17029,1.17878,partial,0.5,106.28,53.14,10680.91,2025-09-08 09:00,,yes,
2025-09-10 13:00,2025-09-16 15:00,AUDUSD,long,0.66118,0.65792,0.66770,win,1.5,106.81,160.21,10734.32,2025-09-10 13:00,,yes,
2025-09-11 21:00,2025-09-16 14:00,AUDCHF,long,0.52971,0.52700,0.53513,loss,-1.0,106.81,-106.81,10574.11,2025-09-11 21:00,,,
2025-09-15 17:00,2025-09-16 15:00,EURUSD,long,1.17583,1.17152,1.18445,win,1.5,106.81,160.21,10894.53,2025-09-15 17:00,,yes,
2025-09-16 17:00,2025-09-17 19:00,AUDUSD,long,0.66831,0.66589,0.67315,loss,-1.0,108.95,-108.95,10785.59,2025-09-16 17:00,,,
2025-09-17 17:00,2025-09-17 19:00,GBPUSD,long,1.36652,1.36290,1.37376,loss,-1.0,108.95,-108.95,10676.64,2025-09-17 17:00,,,
2025-09-19 01:00,2025-09-19 12:00,EURUSD,long,1.17866,1.17492,1.18614,loss,-1.0,106.77,-106.77,10569.88,2025-09-19 01:00,,,
2025-09-24 01:00,2025-09-24 11:00,GBPUSD,short,1.35149,1.35376,1.34695,win,1.5,105.70,158.55,10728.42,2025-09-24 01:00,,yes,
2025-09-24 05:00,2025-09-24 19:00,USDJPY,long,147.90400,147.45100,148.81000,win,1.5,105.70,158.55,10779.69,2025-09-24 05:00,,yes,
2025-09-24 13:00,2025-09-24 14:00,AUDUSD,long,0.65939,0.65878,0.66061,loss,-1.0,107.28,-107.28,10621.14,2025-09-24 13:00,,,
2025-09-25 13:00,2025-09-29 01:00,USDJPY,long,149.24400,148.54950,150.63300,partial,0.5,107.80,53.90,10833.59,2025-09-25 13:00,,yes,
2025-09-25 17:00,2025-10-01 06:00,GBPUSD,short,1.33393,1.34682,1.30815,loss,-1.0,107.80,-107.80,10617.99,2025-09-25 17:00,,,
2025-09-25 21:00,2025-09-30 09:00,EURUSD,short,1.16660,1.17551,1.14878,loss,-1.0,107.80,-107.80,10725.79,2025-09-25 21:00,,,
2025-10-01 17:00,2025-10-10 16:00,AUDCHF,long,0.52754,0.52412,0.53438,loss,-1.0,106.18,-106.18,10352.55,2025-10-01 17:00,,,
2025-10-02 17:00,2025-10-03 15:00,GBPJPY,short,197.77900,198.62750,196.08200,loss,-1.0,106.18,-106.18,10511.81,2025-10-02 17:00,,,
2025-10-07 09:00,2025-10-08 21:00,EURCHF,short,0.93067,0.93281,0.92639,loss,-1.0,105.12,-105.12,10406.69,2025-10-07 09:00,,,
2025-10-09 13:00,2025-10-09 16:00,GBPUSD,short,1.33848,1.34202,1.33140,win,1.5,104.07,156.10,10458.73,2025-10-09 13:00,,yes,
2025-10-09 13:00,2025-10-09 14:00,USDJPY,long,152.74700,152.39950,153.44200,loss,-1.0,104.07,-104.07,10302.63,2025-10-09 13:00,,,
2025-10-13 01:00,2025-10-13 12:00,GBPUSD,short,1.33507,1.33720,1.33081,partial,0.5,103.53,51.76,10404.31,2025-10-13 01:00,,yes,
2025-10-13 13:00,2025-10-14 08:00,AUDUSD,short,0.65088,0.65339,0.64586,win,1.5,104.04,156.06,10612.40,2025-10-13 13:00,,yes,
2025-10-13 17:00,2025-10-15 07:00,EURUSD,short,1.15755,1.16310,1.14645,loss,-1.0,104.04,-104.04,10296.11,2025-10-13 17:00,,,
2025-10-13 17:00,2025-10-14 07:00,GBPUSD,short,1.33302,1.33674,1.32558,partial,0.5,104.04,52.02,10456.33,2025-10-13 17:00,yes,yes,
2025-10-14 09:00,2025-10-23 08:00,AUDCHF,short,0.51877,0.52516,0.50599,partial,0.5,106.12,53.06,10395.12,2025-10-14 09:00,,yes,
2025-10-14 13:00,2025-10-15 10:00,EURCHF,short,0.92936,0.93100,0.92608,loss,-1.0,106.12,-106.12,10189.98,2025-10-14 13:00,,,
2025-10-14 13:00,2025-10-15 04:00,GBPUSD,short,1.32615,1.33536,1.30773,loss,-1.0,106.12,-106.12,10400.15,2025-10-14 13:00,,,
2025-10-15 01:00,2025-10-15 02:00,AUDUSD,short,0.64960,0.64982,0.64916,loss,-1.0,106.12,-106.12,10506.27,2025-10-15 01:00,,,
2025-10-16 01:00,2025-10-19 23:00,USDJPY,short,150.70850,151.75050,148.62450,partial,0.5,101.90,50.95,10240.93,2025-10-16 01:00,,yes,
2025-10-20 13:00,2025-10-21 05:00,USDJPY,short,150.67550,151.21400,149.59850,loss,-1.0,102.41,-102.41,10138.52,2025-10-20 13:00,,,
2025-10-20 17:00,2025-10-26 22:00,EURCHF,short,0.92277,0.92599,0.91633,loss,-1.0,102.41,-102.41,10188.75,2025-10-20 17:00,,,
2025-10-22 01:00,2025-10-22 07:00,GBPUSD,short,1.33713,1.33991,1.33157,partial,0.5,101.39,50.69,10189.22,2025-10-22 01:00,yes,yes,
2025-10-22 17:00,2025-10-23 03:00,GBPUSD,short,1.33713,1.33882,1.33375,win,1.5,101.89,152.84,10342.05,2025-10-22 17:00,,yes,
2025-10-24 05:00,2025-10-24 15:00,GBPJPY,long,203.66650,203.19850,204.60250,loss,-1.0,103.95,-103.95,10291.16,2025-10-24 05:00,,,
2025-10-24 21:00,2025-10-29 19:00,GBPUSD,short,1.33107,1.33726,1.31869,win,1.5,102.91,154.37,10343.12,2025-10-24 21:00,,yes,
2025-10-28 17:00,2025-10-30 13:00,AUDUSD,long,0.65885,0.65435,0.66785,loss,-1.0,101.89,-101.89,10241.23,2025-10-28 17:00,,,
2025-10-31 13:00,2025-10-31 14:00,EURUSD,short,1.15559,1.15786,1.15105,partial,0.5,102.41,51.21,10292.44,2025-10-31 13:00,yes,yes,
2025-10-31 13:00,2025-11-06 14:00,GBPUSD,short,1.31067,1.31659,1.29883,partial,0.5,102.41,51.21,9987.00,2025-10-31 13:00,,yes,
2025-10-31 13:00,2025-11-04 07:00,USDJPY,long,154.13450,153.64350,155.11650,loss,-1.0,102.41,-102.41,10087.10,2025-10-31 13:00,,,
2025-11-03 18:00,2025-11-04 08:00,EURUSD,short,1.15272,1.15425,1.14966,partial,0.5,102.92,51.46,10138.57,2025-11-03 18:00,,yes,
2025-11-04 02:00,2025-11-04 07:00,AUDCHF,long,0.52889,0.52655,0.53357,loss,-1.0,102.92,-102.92,10189.52,2025-11-04 02:00,,,
2025-11-04 18:00,2025-11-06 14:00,EURUSD,short,1.14840,1.15346,1.13828,loss,-1.0,101.39,-101.39,9935.80,2025-11-04 18:00,,,
2025-11-06 02:00,2025-11-06 13:00,GBPJPY,short,201.00700,201.25600,200.50900,loss,-1.0,101.39,-101.39,10037.18,2025-11-06 02:00,,,
2025-11-11 02:00,2025-11-13 08:00,AUDUSD,long,0.65310,0.65136,0.65658,win,1.5,99.87,149.81,10136.81,2025-11-11 02:00,,yes,
2025-11-12 10:00,2025-11-14 13:00,EURCHF,short,0.92475,0.92793,0.91839,win,1.5,99.87,149.81,10086.37,2025-11-12 10:00,,yes,
2025-11-13 06:00,2025-11-13 09:00,GBPUSD,short,1.31174,1.31451,1.30620,loss,-1.0,99.87,-99.87,10036.94,2025-11-13 06:00,,,
2025-11-14 06:00,2025-11-14 08:00,AUDUSD,long,0.65387,0.65228,0.65705,loss,-1.0,100.37,-100.37,9936.57,2025-11-14 06:00,,,
2025-11-17 10:00,2025-11-18 11:00,EURCHF,short,0.92156,0.92357,0.91754,loss,-1.0,100.86,-100.86,9985.51,2025-11-17 10:00,,,
2025-11-19 14:00,2025-11-21 16:00,USDJPY,long,156.28450,155.20450,158.44450,partial,0.5,99.86,49.93,10035.44,2025-11-19 14:00,,yes,
2025-11-19 14:00,2025-11-21 08:00,GBPJPY,long,205.02950,203.97050,207.14750,partial,0.5,99.86,49.93,10035.44,2025-11-19 14:00,,yes,
2025-11-21 02:00,2025-11-26 04:00,AUDUSD,short,0.64538,0.65036,0.63542,loss,-1.0,99.86,-99.86,9734.87,2025-11-21 02:00,,,
2025-11-21 02:00,2025-11-21 09:00,EURUSD,short,1.15325,1.15511,1.14953,loss,-1.0,99.86,-99.86,9935.58,2025-11-21 02:00,,,
2025-11-21 02:00,2025-11-21 13:00,GBPUSD,short,1.30824,1.31247,1.29978,partial,0.5,99.86,49.93,9985.51,2025-11-21 02:00,yes,yes,
2025-11-24 02:00,2025-11-25 10:00,USDJPY,long,156.72350,156.19350,157.78350,loss,-1.0,100.35,-100.35,9834.73,2025-11-24 02:00,,,
2025-11-24 02:00,2025-11-26 14:00,GBPJPY,long,205.13250,204.28400,206.82950,win,1.5,100.35,150.53,9885.40,2025-11-24 02:00,,yes,
2025-11-24 06:00,2025-11-24 07:00,GBPUSD,short,1.31025,1.31105,1.30865,loss,-1.0,100.35,-100.35,9935.08,2025-11-24 06:00,,,
2025-11-26 14:00,2025-11-26 18:00,EURCHF,long,0.93356,0.93216,0.93636,loss,-1.0,98.85,-98.85,9786.55,2025-11-26 14:00,,,
2025-11-26 22:00,2025-12-23 02:00,GBPUSD,long,1.32416,1.31234,1.34780,win,1.5,97.87,146.80,9918.74,2025-11-26 22:00,,yes,
2025-11-27 10:00,2025-11-27 14:00,GBPJPY,long,206.60500,206.42350,206.96800,win,1.5,97.87,146.80,9933.35,2025-11-27 10:00,,yes,
2025-11-28 18:00,2025-12-01 13:00,AUDCHF,long,0.52615,0.52495,0.52855,loss,-1.0,99.33,-99.33,9834.01,2025-11-28 18:00,,,
2025-12-03 02:00,2025-12-03 08:00,EURCHF,long,0.93332,0.93261,0.93474,partial,0.5,98.34,49.17,9883.18,2025-12-03 02:00,yes,yes,
2025-12-03 02:00,2025-12-04 12:00,USDJPY,short,155.65800,156.19100,154.59200,win,1.5,98.34,147.51,10178.94,2025-12-03 02:00,,yes,
2025-12-04 02:00,2025-12-05 16:00,AUDCHF,long,0.52858,0.52573,0.53428,win,1.5,98.83,148.25,10225.40,2025-12-04 02:00,,yes,
2025-12-04 02:00,2025-12-04 09:00,EURCHF,long,0.93317,0.93271,0.93409,win,1.5,98.83,148.25,10031.43,2025-12-04 02:00,,yes,
2025-12-04 14:00,2025-12-08 12:00,USDJPY,short,154.80350,155.55250,153.30550,loss,-1.0,101.79,-101.79,10174.74,2025-12-04 14:00,,,
2025-12-04 22:00,2025-12-05 06:00,GBPJPY,long,206.69800,206.33850,207.41700,loss,-1.0,101.79,-101.79,10077.15,2025-12-04 22:00,,,
2025-12-05 10:00,2025-12-10 21:00,AUDUSD,long,0.66309,0.66044,0.66839,win,1.5,100.77,151.16,10023.20,2025-12-05 10:00,,yes,
2025-12-05 22:00,2025-12-08 12:00,EURCHF,long,0.93687,0.93521,0.94019,partial,0.5,102.25,51.13,10276.53,2025-12-05 22:00,yes,yes,
2025-12-08 02:00,2025-12-08 16:00,EURUSD,long,1.16518,1.16271,1.17012,loss,-1.0,102.25,-102.25,10072.48,2025-12-08 02:00,,,
2025-12-08 18:00,2025-12-09 04:00,AUDCHF,long,0.53470,0.53280,0.53850,loss,-1.0,100.72,-100.72,9971.76,2025-12-08 18:00,,,
2025-12-10 06:00,2025-12-10 10:00,EURCHF,long,0.93746,0.93690,0.93858,loss,-1.0,99.72,-99.72,9872.04,2025-12-10 06:00,,,
2025-12-10 14:00,2025-12-11 03:00,GBPJPY,long,208.69350,208.22650,209.62750,loss,-1.0,98.72,-98.72,9924.48,2025-12-10 14:00,,,
2025-12-11 02:00,2025-12-11 07:00,AUDUSD,long,0.66697,0.66285,0.67521,loss,-1.0,100.23,-100.23,9824.25,2025-12-11 02:00,,,
2025-12-12 22:00,2025-12-15 19:00,EURUSD,long,1.17402,1.17186,1.17834,partial,0.5,98.24,49.12,9873.37,2025-12-12 22:00,,yes,
2025-12-16 06:00,2025-12-16 09:00,EURUSD,long,1.17505,1.17373,1.17769,partial,0.5,98.73,49.37,9922.73,2025-12-16 06:00,yes,yes,
2025-12-16 06:00,2025-12-17 07:00,USDJPY,short,154.84350,155.41050,153.70950,loss,-1.0,98.73,-98.73,9724.77,2025-12-16 06:00,,,
2025-12-16 18:00,2025-12-16 20:00,EURUSD,long,1.17639,1.17434,1.18049,loss,-1.0,99.23,-99.23,9823.51,2025-12-16 18:00,,,
2025-12-17 22:00,2025-12-18 11:00,EURCHF,long,0.93418,0.93246,0.93762,loss,-1.0,97.25,-97.25,9627.53,2025-12-17 22:00,,,
2025-12-18 22:00,2025-12-19 04:00,GBPJPY,long,208.14450,207.94850,208.53650,win,1.5,96.28,144.41,9771.94,2025-12-18 22:00,,yes,
2025-12-22 02:00,2025-12-24 02:00,EURCHF,short,0.93130,0.93293,0.92804,win,1.5,97.72,146.58,10065.32,2025-12-22 02:00,,yes,
2025-12-23 18:00,2025-12-24 02:00,USDJPY,long,156.29750,155.64300,157.60650,loss,-1.0,99.19,-99.19,9966.13,2025-12-23 18:00,,,
2025-12-24 02:00,2025-12-29 13:00,GBPUSD,long,1.35292,1.34702,1.36472,loss,-1.0,99.66,-99.66,9814.66,2025-12-24 02:00,,,
2025-12-24 10:00,2025-12-24 17:00,AUDCHF,long,0.52780,0.52690,0.52960,win,1.5,99.66,149.49,10115.62,2025-12-24 10:00,,yes,
2025-12-24 22:00,2025-12-25 01:00,AUDUSD,long,0.67094,0.66991,0.67300,loss,-1.0,101.16,-101.16,10014.46,2025-12-24 22:00,,,
2025-12-25 02:00,2025-12-26 09:00,EURCHF,short,0.92820,0.92992,0.92476,loss,-1.0,100.14,-100.14,9914.32,2025-12-25 02:00,,,
2025-12-30 02:00,2025-12-31 15:00,AUDCHF,long,0.52887,0.52734,0.53193,partial,0.5,98.15,49.07,9765.59,2025-12-30 02:00,,yes,
2025-12-30 02:00,2025-12-30 09:00,USDJPY,long,156.22300,155.90700,156.85500,loss,-1.0,98.15,-98.15,9716.51,2025-12-30 02:00,,,
2026-01-05 02:00,2026-01-05 12:00,USDJPY,long,157.01650,156.55250,157.94450,loss,-1.0,97.66,-97.66,9667.93,2026-01-05 02:00,,,
2026-01-06 10:00,2026-01-06 17:00,AUDCHF,long,0.53240,0.53090,0.53540,win,1.5,96.68,145.02,9812.95,2026-01-06 10:00,,yes,
2026-01-06 22:00,2026-01-07 08:00,AUDUSD,long,0.67375,0.67109,0.67907,partial,0.5,98.13,49.06,9862.01,2026-01-06 22:00,,yes,
2026-01-07 06:00,2026-01-07 08:00,EURCHF,short,0.92981,0.93044,0.92855,loss,-1.0,98.13,-98.13,9763.88,2026-01-07 06:00,,,
2026-01-07 10:00,2026-01-08 03:00,AUDUSD,long,0.67382,0.67160,0.67826,loss,-1.0,97.64,-97.64,9666.24,2026-01-07 10:00,,,
2026-01-07 14:00,2026-01-08 14:00,EURUSD,short,1.16916,1.17037,1.16674,win,1.5,97.64,146.46,9861.52,2026-01-07 14:00,,yes,
2026-01-07 18:00,2026-01-08 07:00,USDJPY,long,156.62050,156.28600,157.28950,partial,0.5,97.64,48.82,9715.06,2026-01-07 18:00,,yes,
2026-01-08 18:00,2026-01-14 11:00,AUDCHF,long,0.53527,0.53317,0.53947,partial,0.5,98.62,49.31,9958.66,2026-01-08 18:00,,yes,
2026-01-08 18:00,2026-01-09 08:00,USDJPY,long,156.81050,156.45000,157.53150,win,1.5,98.62,147.92,10009.45,2026-01-08 18:00,,yes,
2026-01-09 10:00,2026-01-19 00:00,USDJPY,long,157.71200,156.74650,159.64300,partial,0.5,100.09,50.05,10058.50,2026-01-09 10:00,,yes,
2026-01-09 22:00,2026-01-12 01:00,EURUSD,short,1.16342,1.16616,1.15794,loss,-1.0,100.09,-100.09,9909.35,2026-01-09 22:00,,,
2026-01-15 02:00,2026-01-16 16:00,EURUSD,short,1.16387,1.16626,1.15909,win,1.5,99.59,149.38,10008.45,2026-01-15 02:00,,yes,
2026-01-16 02:00,2026-01-16 11:00,EURCHF,long,0.93243,0.93071,0.93587,loss,-1.0,99.59,-99.59,9859.07,2026-01-16 02:00,,,
2026-01-16 22:00,2026-01-19 10:00,GBPUSD,short,1.33785,1.34142,1.33071,loss,-1.0,100.08,-100.08,9958.41,2026-01-16 22:00,,,
2026-01-19 10:00,2026-01-20 08:00,AUDCHF,long,0.53495,0.53351,0.53783,partial,0.5,99.58,49.79,10008.21,2026-01-19 10:00,,yes,
2026-01-20 18:00,2026-01-21 16:00,EURCHF,short,0.92610,0.92929,0.91972,loss,-1.0,100.08,-100.08,9908.12,2026-01-20 18:00,,,
2026-01-22 22:00,2026-01-22 23:00,AUDCHF,long,0.53950,0.53893,0.54064,win,1.5,99.08,148.62,10056.75,2026-01-22 22:00,,yes,
2026-01-23 02:00,2026-01-23 08:00,USDJPY,long,158.64200,158.22700,159.47200,loss,-1.0,100.57,-100.57,9956.18,2026-01-23 02:00,,,
2026-01-23 18:00,2026-01-27 13:00,EURUSD,long,1.17944,1.17274,1.19284,win,1.5,99.56,149.34,10105.52,2026-01-23 18:00,,yes,
2026-01-23 22:00,2026-01-28 01:00,AUDUSD,long,0.68956,0.68334,0.70200,win,1.5,99.56,149.34,10404.21,2026-01-23 22:00,,yes,
2026-01-26 18:00,2026-01-27 16:00,GBPUSD,long,1.36882,1.36421,1.37804,win,1.5,99.56,149.34,10254.86,2026-01-26 18:00,,yes,
2026-01-27 14:00,2026-02-02 10:00,EURCHF,short,0.91909,0.92371,0.90985,partial,0.5,101.06,50.53,10042.59,2026-01-27 14:00,,yes,
2026-01-27 18:00,2026-02-01 23:00,EURUSD,long,1.19800,1.18494,1.22412,loss,-1.0,102.55,-102.55,10094.61,2026-01-27 18:00,,,
2026-01-27 18:00,2026-02-02 00:00,GBPUSD,long,1.37874,1.36629,1.40364,loss,-1.0,102.55,-102.55,9992.07,2026-01-27 18:00,,,
2026-01-28 14:00,2026-01-28 16:00,USDJPY,short,152.85100,153.08100,152.39100,loss,-1.0,104.04,-104.04,10300.16,2026-01-28 14:00,,,
2026-01-30 18:00,2026-01-30 19:00,AUDCHF,long,0.53817,0.53641,0.54169,loss,-1.0,103.00,-103.00,10197.16,2026-01-30 18:00,,,
2026-02-04 06:00,2026-02-04 18:00,AUDCHF,long,0.54479,0.54236,0.54965,loss,-1.0,100.43,-100.43,9942.17,2026-02-04 06:00,,,
2026-02-05 10:00,2026-02-05 14:00,EURCHF,short,0.91715,0.91838,0.91469,win,1.5,99.42,149.13,10091.30,2026-02-05 10:00,,yes,
2026-02-06 18:00,2026-02-09 16:00,EURCHF,short,0.91642,0.91824,0.91278,win,1.5,100.91,151.37,10242.67,2026-02-06 18:00,,yes,
2026-02-10 18:00,2026-02-11 01:00,AUDUSD,long,0.70742,0.70634,0.70958,partial,0.5,102.43,51.21,10191.46,2026-02-10 18:00,yes,yes,
2026-02-10 18:00,2026-02-10 20:00,EURCHF,short,0.91317,0.91397,0.91157,loss,-1.0,102.43,-102.43,10140.24,2026-02-10 18:00,,,
2026-02-11 10:00,2026-02-13 07:00,AUDUSD,long,0.71140,0.70649,0.72122,loss,-1.0,101.91,-101.91,10089.54,2026-02-11 10:00,,,
2026-02-11 22:00,2026-02-18 19:00,USDJPY,short,153.25900,154.66300,150.45100,loss,-1.0,101.91,-101.91,9883.40,2026-02-11 22:00,,,
2026-02-12 22:00,2026-02-16 10:00,GBPJPY,short,208.05800,209.57000,205.03400,loss,-1.0,101.91,-101.91,9885.71,2026-02-12 22:00,,,
2026-02-13 06:00,2026-02-13 07:00,EURUSD,long,1.18594,1.18553,1.18676,loss,-1.0,101.91,-101.91,9987.63,2026-02-13 06:00,,,
2026-02-16 18:00,2026-02-17 08:00,GBPUSD,short,1.36272,1.36631,1.35554,win,1.5,98.86,148.29,10034.00,2026-02-16 18:00,,yes,
2026-02-16 22:00,2026-02-17 16:00,EURCHF,short,0.91192,0.91375,0.90826,loss,-1.0,98.86,-98.86,9985.31,2026-02-16 22:00,,,
2026-02-17 14:00,2026-02-17 15:00,AUDCHF,long,0.54334,0.54225,0.54552,partial,0.5,100.34,50.17,10084.17,2026-02-17 14:00,yes,yes,
2026-02-18 22:00,2026-03-02 09:00,GBPUSD,short,1.34937,1.35832,1.33147,win,1.5,98.83,148.25,10079.33,2026-02-18 22:00,,yes,
2026-02-19 02:00,2026-02-19 03:00,GBPJPY,short,209.13100,209.23300,208.92700,win,1.5,98.83,148.25,10031.65,2026-02-19 02:00,,yes,
2026-02-19 10:00,2026-02-23 03:00,AUDCHF,long,0.54587,0.54272,0.55217,partial,0.5,100.32,50.16,9981.49,2026-02-19 10:00,,yes,
2026-02-20 06:00,2026-02-20 11:00,EURCHF,short,0.91196,0.91310,0.90968,loss,-1.0,100.32,-100.32,9931.33,2026-02-20 06:00,,,
2026-02-23 14:00,2026-02-24 12:00,AUDCHF,long,0.54782,0.54536,0.55274,loss,-1.0,99.81,-99.81,9881.67,2026-02-23 14:00,,,
2026-02-25 22:00,2026-02-26 09:00,EURCHF,short,0.91265,0.91339,0.91117,partial,0.5,98.82,49.41,9931.08,2026-02-25 22:00,,yes,
2026-03-03 06:00,2026-03-03 19:00,GBPUSD,short,1.33633,1.34329,1.32241,partial,0.5,100.79,50.40,10129.73,2026-03-03 06:00,,yes,
2026-03-03 22:00,2026-03-09 09:00,EURCHF,short,0.90797,0.91289,0.89813,win,1.5,101.30,151.95,9880.54,2026-03-03 22:00,,yes,
2026-03-04 06:00,2026-03-04 08:00,EURUSD,short,1.15952,1.16269,1.15318,loss,-1.0,101.30,-101.30,10028.43,2026-03-04 06:00,,,
2026-03-04 06:00,2026-03-04 08:00,GBPUSD,short,1.33180,1.33709,1.32122,loss,-1.0,101.30,-101.30,9927.14,2026-03-04 06:00,,,
2026-03-04 14:00,2026-03-06 14:00,AUDCHF,long,0.55073,0.54587,0.56045,loss,-1.0,99.27,-99.27,9728.59,2026-03-04 14:00,,,
2026-03-04 14:00,2026-03-05 02:00,GBPJPY,long,210.19050,209.48600,211.59950,loss,-1.0,99.27,-99.27,9827.86,2026-03-04 14:00,,,
2026-03-06 14:00,2026-03-09 20:00,EURUSD,short,1.15551,1.16222,1.14209,loss,-1.0,97.29,-97.29,9783.25,2026-03-06 14:00,,,
2026-03-10 09:00,2026-03-11 15:00,EURCHF,short,0.90396,0.90567,0.90054,partial,0.5,97.83,48.92,9832.17,2026-03-10 09:00,,yes,
2026-03-11 05:00,2026-03-13 08:00,GBPJPY,long,212.72150,211.97150,214.22150,loss,-1.0,97.83,-97.83,9636.02,2026-03-11 05:00,,,
2026-03-11 17:00,2026-03-12 20:00,EURCHF,short,0.90220,0.90483,0.89694,loss,-1.0,98.32,-98.32,9733.85,2026-03-11 17:00,,,
2026-03-11 17:00,2026-03-19 14:00,USDJPY,long,158.83550,157.85400,160.79850,partial,0.5,98.32,49.16,9350.32,2026-03-11 17:00,,yes,
2026-03-13 13:00,2026-03-18 06:00,GBPUSD,short,1.32713,1.33706,1.30727,loss,-1.0,96.36,-96.36,9587.84,2026-03-13 13:00,,,
2026-03-17 05:00,2026-03-17 08:00,EURUSD,short,1.14971,1.15260,1.14393,partial,0.5,96.36,48.18,9684.20,2026-03-17 05:00,,yes,
2026-03-17 13:00,2026-03-18 14:00,AUDUSD,long,0.70976,0.70482,0.71964,loss,-1.0,96.84,-96.84,9395.11,2026-03-17 13:00,,,
2026-03-18 09:00,2026-03-18 13:00,AUDCHF,long,0.55886,0.55660,0.56338,loss,-1.0,95.88,-95.88,9491.96,2026-03-18 09:00,,,
2026-03-18 17:00,2026-03-18 21:00,GBPJPY,long,212.66250,211.94600,214.09550,loss,-1.0,93.95,-93.95,9301.16,2026-03-18 17:00,,,
2026-03-23 21:00,2026-03-31 16:00,AUDCHF,short,0.55129,0.55575,0.54237,partial,0.5,93.50,46.75,9820.37,2026-03-23 21:00,,yes,
2026-03-26 17:00,2026-03-27 01:00,GBPJPY,long,212.94700,212.69550,213.45000,loss,-1.0,93.50,-93.50,9256.82,2026-03-26 17:00,,,
2026-03-27 01:00,2026-03-29 23:00,GBPUSD,short,1.33339,1.33793,1.32431,win,1.5,92.57,138.85,9534.53,2026-03-27 01:00,,yes,
2026-03-27 05:00,2026-03-27 17:00,USDJPY,long,159.62300,159.33700,160.19500,win,1.5,92.57,138.85,9395.67,2026-03-27 05:00,,yes,
2026-03-27 17:00,2026-03-31 12:00,AUDUSD,short,0.68840,0.69132,0.68256,partial,0.5,93.96,46.98,9581.50,2026-03-27 17:00,,yes,
2026-03-30 01:00,2026-03-31 13:00,EURUSD,short,1.15068,1.15488,1.14228,partial,0.5,95.35,47.67,9629.18,2026-03-30 01:00,,yes,
2026-03-30 17:00,2026-04-01 07:00,GBPUSD,short,1.31905,1.32837,1.30041,loss,-1.0,95.35,-95.35,9725.02,2026-03-30 17:00,,,
2026-03-31 13:00,2026-03-31 15:00,GBPJPY,short,210.95600,211.23350,210.40100,win,1.5,96.29,144.44,9773.61,2026-03-31 13:00,,yes,
2026-04-01 21:00,2026-04-07 15:00,EURCHF,long,0.92063,0.91808,0.92573,win,1.5,97.25,145.88,9773.65,2026-04-01 21:00,,yes,
2026-04-03 17:00,2026-04-06 08:00,GBPUSD,short,1.31978,1.32438,1.31058,loss,-1.0,97.25,-97.25,9627.77,2026-04-03 17:00,,,
2026-04-09 05:00,2026-04-09 18:00,EURUSD,long,1.16664,1.16424,1.17144,win,1.5,97.74,146.60,9920.25,2026-04-09 05:00,,yes,
2026-04-09 17:00,2026-04-14 12:00,GBPUSD,long,1.34450,1.33799,1.35752,win,1.5,97.74,146.60,9771.23,2026-04-09 17:00,,yes,
2026-04-09 21:00,2026-04-12 22:00,AUDUSD,long,0.70818,0.70212,0.72030,loss,-1.0,99.20,-99.20,9821.05,2026-04-09 21:00,,,
2026-04-10 17:00,2026-04-12 22:00,EURUSD,long,1.17205,1.16765,1.18085,loss,-1.0,99.20,-99.20,9721.85,2026-04-10 17:00,,,
2026-04-13 01:00,2026-04-13 17:00,EURCHF,long,0.92626,0.92180,0.93518,loss,-1.0,97.22,-97.22,9624.63,2026-04-13 01:00,,,
2026-04-13 09:00,2026-04-17 15:00,GBPJPY,long,214.46000,213.65550,216.06900,partial,0.5,97.22,48.61,9966.41,2026-04-13 09:00,,yes,
2026-04-15 09:00,2026-04-17 13:00,AUDUSD,long,0.71439,0.71107,0.72103,win,1.5,97.71,146.57,9917.80,2026-04-15 09:00,,yes,
2026-04-17 09:00,2026-04-17 16:00,AUDCHF,long,0.56160,0.56014,0.56452,loss,-1.0,97.71,-97.71,9868.70,2026-04-17 09:00,,,
2026-04-21 17:00,2026-04-22 13:00,EURCHF,short,0.91685,0.91827,0.91401,loss,-1.0,98.69,-98.69,9770.01,2026-04-21 17:00,,,
2026-04-22 17:00,2026-04-28 04:00,USDJPY,long,159.50800,159.09500,160.33400,loss,-1.0,97.70,-97.70,9672.31,2026-04-22 17:00,,,
2026-04-28 09:00,2026-04-29 16:00,AUDCHF,long,0.56630,0.56300,0.57290,loss,-1.0,96.72,-96.72,9575.59,2026-04-28 09:00,,,
2026-04-29 17:00,2026-04-30 09:00,EURCHF,long,0.92382,0.92295,0.92556,loss,-1.0,95.76,-95.76,9479.83,2026-04-29 17:00,,,
2026-05-01 21:00,2026-05-04 07:00,AUDUSD,long,0.72006,0.71825,0.72368,partial,0.5,94.80,47.40,9527.23,2026-05-01 21:00,,yes,
2026-05-04 13:00,2026-05-04 14:00,USDJPY,short,157.14050,157.26150,156.89850,partial,0.5,95.27,47.64,9574.87,2026-05-04 13:00,yes,yes,
2026-05-04 13:00,2026-05-05 09:00,GBPJPY,short,213.04150,213.63250,211.85950,partial,0.5,95.27,47.64,9622.50,2026-05-04 13:00,,yes,
2026-05-07 01:00,2026-05-07 02:00,GBPUSD,long,1.35923,1.35777,1.36215,partial,0.5,96.23,48.11,9670.62,2026-05-07 01:00,yes,yes,
2026-05-07 09:00,2026-05-07 21:00,AUDCHF,long,0.56443,0.56246,0.56837,loss,-1.0,96.71,-96.71,9573.91,2026-05-07 09:00,,,
2026-05-15 01:00,2026-05-15 02:00,AUDCHF,long,0.56551,0.56473,0.56707,loss,-1.0,95.74,-95.74,9478.17,2026-05-15 01:00,,,
2026-05-15 21:00,2026-05-18 13:00,GBPUSD,short,1.33257,1.33945,1.31881,loss,-1.0,94.78,-94.78,9383.39,2026-05-15 21:00,,,
2026-05-18 21:00,2026-05-19 13:00,USDJPY,long,158.81450,158.60400,159.23550,partial,0.5,93.83,46.92,9430.31,2026-05-18 21:00,,yes,
2026-05-19 09:00,2026-05-20 15:00,EURUSD,short,1.16234,1.16630,1.15442,partial,0.5,93.83,46.92,9382.92,2026-05-19 09:00,,yes,
2026-05-19 21:00,2026-05-20 16:00,USDJPY,long,159.06750,158.64100,159.92050,loss,-1.0,94.30,-94.30,9288.62,2026-05-19 21:00,,,
2026-05-20 09:00,2026-05-20 15:00,EURCHF,long,0.91593,0.91459,0.91861,loss,-1.0,94.30,-94.30,9336.00,2026-05-20 09:00,,,
2026-05-21 01:00,2026-05-21 02:00,AUDUSD,short,0.71480,0.71754,0.70932,partial,0.5,92.89,46.44,9335.06,2026-05-21 01:00,yes,yes,
2026-05-21 01:00,2026-05-21 09:00,EURUSD,short,1.16286,1.16461,1.15936,partial,0.5,92.89,46.44,9381.50,2026-05-21 01:00,,yes,
2026-05-21 17:00,2026-05-24 22:00,EURUSD,short,1.15954,1.16366,1.15130,loss,-1.0,93.82,-93.82,9193.87,2026-05-21 17:00,,,
2026-05-22 05:00,2026-05-25 02:00,AUDUSD,short,0.71407,0.71696,0.70829,loss,-1.0,93.82,-93.82,9100.06,2026-05-22 05:00,,,
2026-05-22 05:00,2026-05-22 14:00,GBPUSD,short,1.34306,1.34504,1.33910,loss,-1.0,93.82,-93.82,9287.69,2026-05-22 05:00,,,
2026-05-25 09:00,2026-05-26 07:00,EURCHF,short,0.91020,0.91338,0.90384,loss,-1.0,91.00,-91.00,9009.06,2026-05-25 09:00,,,
2026-05-27 01:00,2026-05-27 12:00,GBPUSD,long,1.34556,1.34336,1.34996,loss,-1.0,90.09,-90.09,8918.97,2026-05-27 01:00,,,
2026-05-27 09:00,2026-05-28 10:00,USDJPY,long,159.39400,159.16750,159.84700,partial,0.5,90.09,45.05,8964.01,2026-05-27 09:00,,yes,
2026-05-28 09:00,2026-05-28 15:00,AUDUSD,short,0.71175,0.71485,0.70555,loss,-1.0,89.19,-89.19,8874.82,2026-05-28 09:00,,,
2026-06-02 01:00,2026-06-03 08:00,GBPJPY,long,214.81100,214.16200,216.10900,partial,0.5,88.75,44.37,8919.20,2026-06-02 01:00,,yes,
2026-06-02 21:00,2026-06-04 11:00,EURUSD,short,1.16315,1.16567,1.15811,partial,0.5,88.75,44.37,8874.38,2026-06-02 21:00,,yes,
2026-06-03 17:00,2026-06-04 05:00,GBPJPY,long,214.74600,214.42000,215.39800,loss,-1.0,89.19,-89.19,8830.00,2026-06-03 17:00,,,
2026-06-04 13:00,2026-06-05 13:00,USDJPY,long,159.86550,159.59100,160.41450,partial,0.5,88.74,44.37,8874.38,2026-06-04 13:00,yes,yes,
2026-06-04 21:00,2026-06-05 08:00,AUDUSD,short,0.71338,0.71501,0.71012,partial,0.5,88.74,44.37,8830.01,2026-06-04 21:00,,yes,
2026-06-04 21:00,2026-06-04 22:00,EURCHF,long,0.91675,0.91610,0.91805,loss,-1.0,88.74,-88.74,8785.63,2026-06-04 21:00,,,
2026-06-04 21:00,2026-06-05 16:00,EURUSD,short,1.16106,1.16462,1.15394,win,1.5,88.74,133.12,9007.49,2026-06-04 21:00,,yes,
2026-06-05 21:00,,AUDUSD,short,0.70478,0.71449,0.68536,open,0.0,0.00,0.00,,2026-06-05 21:00,,yes,
2026-06-05 21:00,2026-07-30 14:00,EURUSD,short,1.15221,1.16454,1.12755,partial,0.5,90.07,45.04,9504.31,2026-06-05 21:00,,yes,
2026-06-08 01:00,2026-06-11 20:00,USDJPY,long,160.32400,159.71900,161.53400,loss,-1.0,90.07,-90.07,8917.42,2026-06-08 01:00,,,
2026-06-09 01:00,2026-06-11 21:00,EURCHF,long,0.92031,0.91797,0.92499,partial,0.5,90.07,45.04,8962.46,2026-06-09 01:00,,yes,
2026-06-16 01:00,2026-06-16 21:00,AUDCHF,long,0.56177,0.56032,0.56467,loss,-1.0,89.62,-89.62,8872.83,2026-06-16 01:00,,,
2026-06-16 13:00,2026-06-18 11:00,USDJPY,long,160.32550,160.04050,160.89550,win,1.5,89.62,134.44,9007.27,2026-06-16 13:00,,yes,
2026-06-18 17:00,2026-07-02 07:00,GBPUSD,short,1.32213,1.33259,1.30121,loss,-1.0,90.07,-90.07,8782.09,2026-06-18 17:00,,,
2026-06-18 21:00,2026-07-02 07:00,USDJPY,long,161.37400,160.46750,163.18700,partial,0.5,90.07,45.04,8827.13,2026-06-18 21:00,,yes,
2026-06-22 21:00,2026-06-23 01:00,AUDCHF,long,0.56632,0.56495,0.56906,loss,-1.0,90.07,-90.07,8917.20,2026-06-22 21:00,,,
2026-06-24 13:00,2026-06-25 03:00,EURCHF,long,0.92173,0.92071,0.92377,partial,0.5,89.17,44.59,8961.78,2026-06-24 13:00,,yes,
2026-06-25 17:00,2026-06-25 20:00,EURCHF,long,0.92128,0.92090,0.92204,loss,-1.0,89.62,-89.62,8872.16,2026-06-25 17:00,,,
2026-06-30 21:00,2026-07-15 15:00,GBPJPY,long,215.57650,214.18900,218.35150,win,1.5,88.72,133.08,9181.77,2026-06-30 21:00,,yes,
2026-07-01 21:00,2026-07-02 22:00,AUDCHF,short,0.55812,0.55960,0.55516,win,1.5,88.72,133.08,8960.21,2026-07-01 21:00,,yes,
2026-07-09 17:00,2026-07-10 01:00,USDJPY,long,162.31650,162.23950,162.47050,partial,0.5,89.60,44.80,9005.01,2026-07-09 17:00,,yes,
2026-07-10 09:00,2026-07-10 13:00,AUDCHF,short,0.55983,0.56092,0.55765,loss,-1.0,90.05,-90.05,8914.96,2026-07-10 09:00,,,
2026-07-15 01:00,2026-07-15 11:00,EURCHF,long,0.92430,0.92351,0.92588,win,1.5,89.15,133.72,9048.69,2026-07-15 01:00,,yes,
2026-07-15 13:00,2026-07-15 19:00,USDJPY,long,162.16700,161.95700,162.58700,loss,-1.0,90.49,-90.49,9091.28,2026-07-15 13:00,,,
2026-07-17 17:00,2026-07-21 19:00,USDJPY,long,162.43100,162.11400,163.06500,win,1.5,90.91,136.37,9182.19,2026-07-17 17:00,,yes,
2026-07-17 21:00,2026-07-20 13:00,GBPUSD,long,1.34531,1.34252,1.35089,partial,0.5,90.91,45.46,9136.74,2026-07-17 21:00,,yes,
2026-07-17 21:00,2026-07-21 13:00,GBPJPY,long,218.52100,217.98850,219.58600,loss,-1.0,90.91,-90.91,9045.82,2026-07-17 21:00,,,
2026-07-20 17:00,2026-07-22 17:00,EURCHF,long,0.92470,0.92264,0.92882,win,1.5,91.37,137.05,9319.24,2026-07-20 17:00,,yes,
2026-07-22 17:00,2026-07-30 11:00,USDJPY,long,163.11350,162.66750,164.00550,partial,0.5,93.19,46.60,9459.27,2026-07-22 17:00,,yes,
2026-07-22 21:00,2026-07-27 02:00,AUDCHF,long,0.56991,0.56740,0.57493,partial,0.5,93.19,46.60,9412.44,2026-07-22 21:00,,yes,
2026-07-24 01:00,2026-07-26 22:00,EURCHF,long,0.92931,0.92806,0.93181,partial,0.5,93.19,46.60,9365.84,2026-07-24 01:00,,yes,
2026-07-27 13:00,2026-07-28 05:00,AUDCHF,long,0.57119,0.56970,0.57417,partial,0.5,94.12,47.06,9459.50,2026-07-27 13:00,,yes,
2026-07-27 13:00,2026-07-29 19:00,GBPUSD,short,1.33137,1.33647,1.32117,loss,-1.0,94.12,-94.12,9365.38,2026-07-27 13:00,,,
2026-07-29 13:00,2026-07-29 20:00,EURCHF,long,0.93271,0.93146,0.93521,partial,0.5,94.59,47.30,9412.67,2026-07-29 13:00,,yes,
2026-07-30 17:00,,EURUSD,long,1.15286,1.14334,1.17190,open,0.0,0.00,0.00,,2026-07-30 17:00,,,
2026-07-31 13:00,2026-07-31 14:00,USDJPY,short,160.37450,160.89350,159.33650,win,1.5,95.04,142.56,9646.87,2026-07-31 13:00,,yes,
