time,open,high,low,close
2023-08-30,1.35311,1.35504,1.35132,1.3532
2023-08-31,1.35319,1.35581,1.35042,1.3509
2023-09-01,1.35102,1.36128,1.34895,1.35927
2023-09-04,1.35927,1.36048,1.35755,1.35906
2023-09-05,1.35909,1.36697,1.35873,1.36414
2023-09-06,1.36415,1.36769,1.36225,1.36366
2023-09-07,1.36363,1.36947,1.36321,1.36853
2023-09-08,1.3687,1.369,1.36079,1.36403
2023-09-11,1.36339,1.3641,1.35611,1.35733
2023-09-12,1.35734,1.35932,1.35437,1.3553
2023-09-13,1.35529,1.35874,1.35209,1.3549
2023-09-14,1.35489,1.35559,1.34936,1.35082
2023-09-15,1.35081,1.355,1.34942,1.35258
2023-09-18,1.35201,1.35287,1.3472,1.34861
2023-09-19,1.34861,1.34956,1.33796,1.34484
2023-09-20,1.34484,1.34775,1.33956,1.34624
2023-09-21,1.34619,1.35238,1.3455,1.34834
2023-09-22,1.34834,1.34917,1.34238,1.34824
2023-09-25,1.34768,1.3492,1.34531,1.34536
2023-09-26,1.3454,1.35284,1.34491,1.35166
2023-09-27,1.35169,1.35432,1.34952,1.34987
2023-09-28,1.34985,1.35162,1.34707,1.34864
2023-09-29,1.34864,1.35851,1.34171,1.35782
2023-10-02,1.35756,1.36801,1.35618,1.36756
2023-10-03,1.36759,1.37363,1.36608,1.37092
2023-10-04,1.37093,1.37798,1.36903,1.3745
2023-10-05,1.37443,1.37857,1.37034,1.3705
2023-10-06,1.3705,1.3746,1.36441,1.36642
2023-10-09,1.36735,1.36795,1.35812,1.35897
2023-10-10,1.35894,1.36173,1.35695,1.35839
2023-10-11,1.3584,1.36238,1.35715,1.35926
2023-10-12,1.3594,1.37006,1.35785,1.36903
2023-10-13,1.36906,1.36976,1.36367,1.36566
2023-10-16,1.36484,1.36674,1.36064,1.36106
2023-10-17,1.36112,1.37031,1.36066,1.36477
2023-10-18,1.36482,1.37169,1.36172,1.3716
2023-10-19,1.37157,1.37411,1.36793,1.37187
2023-10-20,1.3719,1.37345,1.36698,1.37155
2023-10-23,1.37112,1.37369,1.36677,1.36912
2023-10-24,1.36909,1.37549,1.36611,1.37407
2023-10-25,1.37397,1.38104,1.37305,1.37962
2023-10-26,1.37966,1.38442,1.37897,1.38309
2023-10-27,1.38299,1.38804,1.37963,1.38722
2023-10-30,1.38591,1.38732,1.38133,1.38264
2023-10-31,1.38263,1.38923,1.38137,1.38742
2023-11-01,1.38741,1.38992,1.38411,1.38566
2023-11-02,1.38549,1.38623,1.37359,1.37389
2023-11-03,1.37385,1.37608,1.36533,1.36579
2023-11-06,1.3657,1.3703,1.36294,1.36997
2023-11-07,1.36999,1.3783,1.36879,1.37663
2023-11-08,1.3766,1.38146,1.37546,1.37923
2023-11-09,1.37922,1.38165,1.37466,1.38075
2023-11-10,1.3808,1.38548,1.37912,1.37991
2023-11-13,1.38,1.38319,1.37772,1.38042
2023-11-14,1.38045,1.38436,1.36847,1.36928
2023-11-15,1.36927,1.37103,1.36545,1.36823
2023-11-16,1.36824,1.37771,1.36775,1.37547
2023-11-17,1.37623,1.37712,1.37081,1.3717
2023-11-20,1.37127,1.37495,1.36898,1.37244
2023-11-21,1.3724,1.37314,1.36811,1.37014
2023-11-22,1.3701,1.37655,1.36862,1.3687
2023-11-23,1.36872,1.37113,1.36511,1.36956
2023-11-24,1.36958,1.37119,1.3594,1.36373
2023-11-27,1.3639,1.36612,1.36136,1.36156
2023-11-28,1.36162,1.36233,1.35602,1.35749
2023-11-29,1.35747,1.3615,1.35411,1.35886
2023-11-30,1.35894,1.36268,1.35523,1.35614
2023-12-01,1.35614,1.35718,1.34869,1.34965
2023-12-04,1.35047,1.35623,1.34801,1.35364
2023-12-05,1.35367,1.35945,1.35304,1.35926
2023-12-06,1.35925,1.35968,1.35488,1.35938
2023-12-07,1.35939,1.36195,1.35839,1.35989
2023-12-08,1.3599,1.36096,1.35506,1.35822
2023-12-11,1.35854,1.36045,1.35503,1.35738
2023-12-12,1.35739,1.36188,1.35451,1.35901
2023-12-13,1.35902,1.36085,1.34949,1.35187
2023-12-14,1.35189,1.35224,1.33942,1.34069
2023-12-15,1.34074,1.3415,1.33502,1.33807
2023-12-18,1.33749,1.34097,1.33499,1.33993
2023-12-19,1.3399,1.34048,1.33319,1.33329
2023-12-20,1.3333,1.33706,1.33119,1.33696
2023-12-21,1.33695,1.33712,1.32761,1.32827
2023-12-22,1.32827,1.3293,1.32192,1.32676
2023-12-25,1.32681,1.32944,1.32561,1.3257
2023-12-26,1.32523,1.32625,1.31951,1.31956
2023-12-27,1.31945,1.32194,1.31772,1.32083
2023-12-28,1.32083,1.32356,1.31827,1.32293
2023-12-29,1.32287,1.32654,1.31781,1.32501
2024-01-02,1.3238,1.33342,1.32286,1.3321
2024-01-03,1.33208,1.3372,1.3318,1.33528
2024-01-04,1.33528,1.33664,1.33173,1.33502
2024-01-05,1.33505,1.33994,1.32874,1.33597
2024-01-08,1.33564,1.3405,1.33449,1.33472
2024-01-09,1.33472,1.3415,1.33406,1.33906
2024-01-10,1.33906,1.33981,1.33656,1.33804
2024-01-11,1.33807,1.3443,1.33507,1.33946
2024-01-12,1.33942,1.3412,1.33432,1.34065
2024-01-15,1.34108,1.34483,1.33819,1.34282
2024-01-16,1.34275,1.35021,1.34218,1.34952
2024-01-17,1.34951,1.35421,1.34803,1.35058
2024-01-18,1.35059,1.35289,1.34806,1.34874
2024-01-19,1.34864,1.35024,1.34272,1.34288
2024-01-22,1.34319,1.34828,1.34149,1.34784
2024-01-23,1.34783,1.34921,1.34534,1.34615
2024-01-24,1.34614,1.35288,1.34298,1.35235
2024-01-25,1.35237,1.35347,1.34683,1.34746
2024-01-26,1.34752,1.34834,1.34143,1.34532
2024-01-29,1.3461,1.34654,1.34099,1.34144
2024-01-30,1.34143,1.34464,1.33956,1.33982
2024-01-31,1.33983,1.34463,1.33587,1.34348
2024-02-01,1.34348,1.34642,1.33678,1.33859
2024-02-02,1.33859,1.34758,1.33658,1.34624
2024-02-05,1.34631,1.35441,1.3459,1.35407
2024-02-06,1.35409,1.35459,1.34764,1.34923
2024-02-07,1.34927,1.34942,1.34551,1.34627
2024-02-08,1.34626,1.34932,1.34481,1.34579
2024-02-09,1.34581,1.34817,1.34129,1.34611
2024-02-12,1.3466,1.34754,1.34303,1.34505
2024-02-13,1.34509,1.35863,1.34341,1.35645
2024-02-14,1.35646,1.35735,1.3531,1.35435
2024-02-15,1.35434,1.35519,1.34632,1.34652
2024-02-16,1.34646,1.35079,1.34611,1.34857
2024-02-19,1.34844,1.34967,1.3468,1.34917
2024-02-20,1.34902,1.35299,1.34722,1.35229
2024-02-21,1.35229,1.35364,1.34942,1.35059
2024-02-22,1.35041,1.35078,1.34409,1.34817
2024-02-23,1.34815,1.35176,1.34617,1.35064
2024-02-26,1.3495,1.35288,1.34943,1.3505
2024-02-27,1.35051,1.35394,1.34846,1.35282
2024-02-28,1.3528,1.36062,1.35238,1.35767
2024-02-29,1.35773,1.35976,1.35412,1.35789
2024-03-01,1.35787,1.36017,1.35452,1.35607
2024-03-04,1.35542,1.3584,1.35457,1.35739
2024-03-05,1.35736,1.36052,1.35554,1.35926
2024-03-06,1.35928,1.36001,1.34991,1.35131
2024-03-07,1.35129,1.35258,1.34543,1.3459
2024-03-08,1.34587,1.3498,1.342,1.34848
2024-03-11,1.34866,1.351,1.34694,1.34826
2024-03-12,1.34838,1.35257,1.34667,1.3491
2024-03-13,1.34907,1.34986,1.34591,1.34708
2024-03-14,1.34706,1.35412,1.34595,1.35325
2024-03-15,1.35322,1.3552,1.35101,1.35424
2024-03-18,1.35407,1.35519,1.35208,1.35342
2024-03-19,1.35335,1.36134,1.35304,1.35666
2024-03-20,1.3566,1.3605,1.3482,1.34923
2024-03-21,1.34925,1.35417,1.34559,1.35304
2024-03-22,1.35304,1.36142,1.35194,1.36036
2024-03-25,1.36034,1.36144,1.35704,1.35861
2024-03-26,1.35861,1.35907,1.35528,1.35842
2024-03-27,1.35841,1.36084,1.35652,1.35678
2024-03-28,1.35677,1.3614,1.3525,1.354
2024-03-29,1.35398,1.35615,1.3531,1.35403
2024-04-01,1.35519,1.35867,1.3515,1.35703
2024-04-02,1.35702,1.35845,1.35565,1.3567
2024-04-03,1.35663,1.35892,1.35115,1.35264
2024-04-04,1.35267,1.35591,1.34781,1.35426
2024-04-05,1.35428,1.36476,1.35387,1.35907
2024-04-08,1.35939,1.36168,1.35696,1.35722
2024-04-09,1.35719,1.35988,1.35472,1.35711
2024-04-10,1.35712,1.37027,1.35561,1.36815
2024-04-11,1.36817,1.3726,1.3661,1.36895
2024-04-12,1.36891,1.37873,1.36822,1.37736
2024-04-15,1.37801,1.37938,1.37252,1.37882
2024-04-16,1.37878,1.38462,1.37742,1.38288
2024-04-17,1.38288,1.38381,1.37598,1.37731
2024-04-18,1.37731,1.3783,1.37419,1.37671
2024-04-19,1.37671,1.38048,1.37235,1.37527
2024-04-22,1.37444,1.37529,1.36869,1.37005
2024-04-23,1.37006,1.37146,1.3656,1.3663
2024-04-24,1.36632,1.37289,1.36549,1.3703
2024-04-25,1.37032,1.37312,1.36501,1.36572
2024-04-26,1.36572,1.36958,1.36328,1.36712
2024-04-29,1.36721,1.36769,1.36319,1.36611
2024-04-30,1.36608,1.37851,1.36584,1.37784
2024-05-01,1.37782,1.37832,1.37035,1.37392
2024-05-02,1.37393,1.37472,1.36695,1.36738
2024-05-03,1.36738,1.36918,1.36098,1.36857
2024-05-06,1.36798,1.36974,1.36479,1.36654
2024-05-07,1.36655,1.37413,1.36596,1.37263
2024-05-08,1.37264,1.37627,1.37175,1.37217
2024-05-09,1.37216,1.37384,1.36746,1.3677
2024-05-10,1.36767,1.36905,1.36333,1.36722
2024-05-13,1.36694,1.36899,1.36608,1.36661
2024-05-14,1.36665,1.36911,1.36327,1.36506
2024-05-15,1.36505,1.36608,1.35902,1.36028
2024-05-16,1.36024,1.36413,1.35899,1.36179
2024-05-17,1.36179,1.36438,1.36011,1.36123
2024-05-20,1.3617,1.36355,1.35962,1.3625
2024-05-21,1.36251,1.36756,1.36149,1.36545
2024-05-22,1.36545,1.36984,1.36239,1.36945
2024-05-23,1.36939,1.37437,1.36568,1.37293
2024-05-24,1.37293,1.37389,1.36482,1.36646
2024-05-27,1.36682,1.3671,1.36299,1.36326
2024-05-28,1.36332,1.36538,1.36147,1.36457
2024-05-29,1.36457,1.37195,1.3641,1.37179
2024-05-30,1.37181,1.3735,1.36603,1.36804
2024-05-31,1.36808,1.36897,1.36192,1.36279
2024-06-03,1.36322,1.36689,1.36029,1.36272
2024-06-04,1.36271,1.36992,1.36206,1.36758
2024-06-05,1.36757,1.37416,1.36655,1.36949
2024-06-06,1.36945,1.37102,1.36642,1.36705
2024-06-07,1.36702,1.37678,1.36625,1.37652
2024-06-10,1.37616,1.37819,1.37539,1.37591
2024-06-11,1.37589,1.37918,1.37481,1.37587
2024-06-12,1.37584,1.37608,1.36801,1.37234
2024-06-13,1.3723,1.37635,1.37119,1.37428
2024-06-14,1.37431,1.37795,1.37277,1.37351
2024-06-17,1.37356,1.37644,1.37209,1.37237
2024-06-18,1.37238,1.37567,1.37091,1.37179
2024-06-19,1.3718,1.37261,1.36982,1.37064
2024-06-20,1.37079,1.37209,1.36823,1.36896
2024-06-21,1.36884,1.37189,1.36747,1.36947
2024-06-24,1.36927,1.37085,1.36499,1.36583
2024-06-25,1.36579,1.36807,1.36216,1.36577
2024-06-26,1.36572,1.37079,1.36504,1.3702
2024-06-27,1.37021,1.37126,1.36759,1.3701
2024-06-28,1.37009,1.37343,1.36555,1.36794
2024-07-01,1.36726,1.37488,1.36633,1.37356
2024-07-02,1.37363,1.37555,1.36673,1.36791
2024-07-03,1.36786,1.36869,1.36173,1.36399
2024-07-04,1.36394,1.3643,1.36083,1.3614
2024-07-05,1.36146,1.36533,1.36023,1.36422
2024-07-08,1.36454,1.36474,1.36242,1.36347
2024-07-09,1.36344,1.36486,1.36282,1.36357
2024-07-10,1.3636,1.36431,1.3608,1.36193
2024-07-11,1.36196,1.3648,1.35889,1.36322
2024-07-12,1.36321,1.36394,1.36114,1.36347
2024-07-15,1.36444,1.3689,1.36257,1.36828
2024-07-16,1.36828,1.37079,1.36642,1.36733
2024-07-17,1.36729,1.37017,1.36567,1.36828
2024-07-18,1.36828,1.37186,1.36706,1.3706
2024-07-19,1.37058,1.37478,1.37003,1.37279
2024-07-22,1.37176,1.3775,1.37055,1.37572
2024-07-23,1.37569,1.3786,1.37516,1.37853
2024-07-24,1.37854,1.38167,1.37778,1.38069
2024-07-25,1.38078,1.38494,1.37968,1.38251
2024-07-26,1.38258,1.38492,1.38074,1.38382
2024-07-29,1.38333,1.38651,1.38162,1.38524
2024-07-30,1.38518,1.38646,1.3838,1.38489
2024-07-31,1.38484,1.38589,1.37872,1.38082
2024-08-01,1.38083,1.38892,1.37953,1.38753
2024-08-02,1.38753,1.38883,1.3834,1.38735
2024-08-05,1.38685,1.3947,1.38094,1.38243
2024-08-06,1.38233,1.3856,1.37567,1.37856
2024-08-07,1.37861,1.37909,1.37208,1.37595
2024-08-08,1.37591,1.37658,1.37265,1.37332
2024-08-09,1.37323,1.37549,1.37181,1.37295
2024-08-12,1.3736,1.37478,1.37184,1.37433
2024-08-13,1.37421,1.37477,1.37052,1.37055
2024-08-14,1.37053,1.37247,1.36888,1.37165
2024-08-15,1.37147,1.37384,1.36955,1.37294
2024-08-16,1.37294,1.37373,1.36771,1.36797
2024-08-19,1.36833,1.36874,1.36298,1.3634
2024-08-20,1.36339,1.36416,1.3605,1.36207
2024-08-21,1.36208,1.36254,1.35756,1.35954
2024-08-22,1.35959,1.3619,1.35715,1.36156
2024-08-23,1.36169,1.36186,1.34989,1.35098
2024-08-26,1.35082,1.35174,1.34633,1.34872
2024-08-27,1.34857,1.34885,1.3443,1.34442
2024-08-28,1.34437,1.34883,1.34367,1.34808
2024-08-29,1.34811,1.34912,1.34503,1.34848
2024-08-30,1.34835,1.35096,1.34653,1.34938
2024-09-02,1.34867,1.35057,1.34851,1.3494
2024-09-03,1.34947,1.35626,1.34907,1.35505
2024-09-04,1.35509,1.35657,1.34999,1.35063
2024-09-05,1.35048,1.35252,1.3502,1.35034
2024-09-06,1.35036,1.35826,1.34659,1.35718
2024-09-09,1.3566,1.35771,1.35464,1.35588
2024-09-10,1.35587,1.36155,1.35553,1.36105
2024-09-11,1.36109,1.36231,1.35669,1.35753
2024-09-12,1.3575,1.36047,1.35649,1.358
2024-09-13,1.358,1.36003,1.35653,1.35854
2024-09-16,1.35977,1.36078,1.35667,1.3587
2024-09-17,1.35867,1.3617,1.35802,1.35979
2024-09-18,1.35981,1.36231,1.35407,1.36043
2024-09-19,1.36043,1.36477,1.3533,1.35586
2024-09-20,1.35575,1.35898,1.3542,1.35705
2024-09-23,1.35607,1.35824,1.34871,1.35414
2024-09-24,1.35391,1.35413,1.34306,1.34313
2024-09-25,1.34311,1.34873,1.34196,1.34852
2024-09-26,1.34854,1.34898,1.34576,1.34646
2024-09-27,1.34647,1.35268,1.34636,1.35174
2024-09-30,1.35112,1.35379,1.34897,1.35254
2024-10-01,1.35248,1.35398,1.3481,1.34905
2024-10-02,1.34906,1.35101,1.34723,1.35021
2024-10-03,1.35023,1.35598,1.34955,1.35548
2024-10-04,1.35526,1.35911,1.35445,1.35757
2024-10-07,1.35699,1.36395,1.35644,1.36198
2024-10-08,1.36198,1.36754,1.36112,1.36468
2024-10-09,1.36468,1.37189,1.3643,1.37113
2024-10-10,1.37112,1.37755,1.36965,1.37418
2024-10-11,1.37409,1.37838,1.37251,1.37603
2024-10-14,1.37582,1.38055,1.37556,1.37955
2024-10-15,1.37953,1.38387,1.37702,1.37748
2024-10-16,1.37748,1.37932,1.375,1.37513
2024-10-17,1.37518,1.38013,1.37473,1.37952
2024-10-18,1.3794,1.38151,1.37856,1.37976
2024-10-21,1.38036,1.38498,1.37994,1.38311
2024-10-22,1.38316,1.38379,1.38138,1.38182
2024-10-23,1.38177,1.38628,1.3815,1.38363
2024-10-24,1.38365,1.38687,1.38126,1.38548
2024-10-25,1.38548,1.38976,1.38382,1.38924
2024-10-28,1.38898,1.39085,1.38821,1.38897
2024-10-29,1.38899,1.39297,1.38767,1.39145
2024-10-30,1.39155,1.39409,1.38951,1.39039
2024-10-31,1.39041,1.39453,1.38909,1.39338
2024-11-01,1.39339,1.39592,1.39027,1.39555
2024-11-04,1.3925,1.39277,1.3875,1.39015
2024-11-05,1.39019,1.3907,1.3823,1.38261
2024-11-06,1.38252,1.39587,1.38207,1.39394
2024-11-07,1.39401,1.39483,1.38421,1.38613
2024-11-08,1.38609,1.39283,1.38572,1.39086
2024-11-11,1.39118,1.39508,1.3905,1.39248
2024-11-12,1.39235,1.39676,1.39156,1.39447
2024-11-13,1.39428,1.4003,1.39312,1.3997
2024-11-14,1.3996,1.40646,1.39882,1.40597
2024-11-15,1.40585,1.41058,1.40333,1.4089
2024-11-18,1.40931,1.41029,1.40043,1.40146
2024-11-19,1.40133,1.40368,1.39554,1.39565
2024-11-20,1.39559,1.40147,1.39507,1.3975
2024-11-21,1.39751,1.39785,1.39313,1.39741
2024-11-22,1.39731,1.40211,1.39579,1.39785
2024-11-25,1.39521,1.40073,1.39277,1.39867
2024-11-26,1.39854,1.41781,1.39786,1.40538
2024-11-27,1.40527,1.4078,1.40092,1.40302
2024-11-28,1.40301,1.40359,1.39985,1.40142
2024-11-29,1.40157,1.40459,1.39807,1.4004
2024-12-02,1.39929,1.40898,1.39909,1.4047
2024-12-03,1.4046,1.40761,1.40092,1.40674
2024-12-04,1.40678,1.40833,1.40521,1.40733
2024-12-05,1.40732,1.40798,1.40104,1.40255
2024-12-06,1.40246,1.41647,1.40171,1.41583
2024-12-09,1.41555,1.41751,1.40936,1.41716
2024-12-10,1.41711,1.41952,1.41556,1.41813
2024-12-11,1.4181,1.41944,1.41199,1.41587
2024-12-12,1.41586,1.4228,1.41315,1.42204
2024-12-13,1.42203,1.42451,1.42094,1.42338
2024-12-16,1.42319,1.42723,1.4217,1.42418
2024-12-17,1.42411,1.43239,1.42321,1.43098
2024-12-18,1.43089,1.44498,1.43047,1.44476
2024-12-19,1.44461,1.44674,1.43444,1.43979
2024-12-20,1.43985,1.44357,1.43355,1.43755
2024-12-23,1.43666,1.44335,1.43491,1.43709
2024-12-24,1.43716,1.44205,1.43485,1.43565
2024-12-25,1.43524,1.43741,1.43524,1.4365
2024-12-26,1.43662,1.44207,1.43501,1.44076
2024-12-27,1.44076,1.44496,1.43749,1.44132
2024-12-30,1.44164,1.4433,1.43447,1.43548
2024-12-31,1.43628,1.44095,1.43381,1.4382
2025-01-02,1.43816,1.44423,1.43691,1.44023
2025-01-03,1.4402,1.44637,1.43833,1.44453
2025-01-06,1.44419,1.44518,1.42797,1.43327
2025-01-07,1.43323,1.43724,1.42978,1.43702
2025-01-08,1.43703,1.44098,1.43392,1.43752
2025-01-09,1.43836,1.4405,1.43652,1.43949
2025-01-10,1.4395,1.44429,1.43755,1.44217
2025-01-13,1.44268,1.44474,1.43749,1.4379
2025-01-14,1.43573,1.44104,1.43431,1.43493
2025-01-15,1.43485,1.43669,1.43023,1.43416
2025-01-16,1.43365,1.44031,1.43226,1.43942
2025-01-17,1.43952,1.44856,1.43826,1.44795
2025-01-20,1.44643,1.44855,1.42612,1.43125
2025-01-21,1.43085,1.45186,1.42896,1.43214
2025-01-22,1.43245,1.43912,1.43011,1.43778
2025-01-23,1.43834,1.44136,1.43342,1.43833
2025-01-24,1.43817,1.43846,1.43147,1.43444
2025-01-27,1.4364,1.44016,1.43336,1.43735
2025-01-28,1.43715,1.442,1.43678,1.43999
2025-01-29,1.43975,1.44717,1.43918,1.44187
2025-01-30,1.4421,1.45954,1.43928,1.44901
2025-01-31,1.44917,1.45598,1.4371,1.45289
2025-02-03,1.47396,1.47934,1.43897,1.44282
2025-02-04,1.44117,1.45032,1.43022,1.43209
2025-02-05,1.43212,1.43446,1.42701,1.43066
2025-02-06,1.43172,1.43668,1.43013,1.43081
2025-02-07,1.43104,1.43451,1.42736,1.42911
2025-02-10,1.43561,1.43808,1.43055,1.4318
2025-02-11,1.43291,1.43458,1.42792,1.42861
2025-02-12,1.4286,1.43426,1.42556,1.43075
2025-02-13,1.43021,1.43098,1.41832,1.41933
2025-02-14,1.41963,1.42014,1.41508,1.41837
2025-02-17,1.41742,1.41941,1.41597,1.41854
2025-02-18,1.41749,1.4213,1.41723,1.4197
2025-02-19,1.41936,1.42457,1.41756,1.42314
2025-02-20,1.42362,1.4245,1.41664,1.41738
2025-02-21,1.41801,1.42365,1.41684,1.42232
2025-02-24,1.42298,1.4268,1.41823,1.42598
2025-02-25,1.42612,1.4318,1.42399,1.43138
2025-02-26,1.43136,1.43685,1.42942,1.43362
2025-02-27,1.43405,1.44491,1.43224,1.44403
2025-02-28,1.444,1.44725,1.43999,1.4467
2025-03-03,1.44477,1.45419,1.43694,1.44813
2025-03-04,1.44912,1.45433,1.4371,1.439
2025-03-05,1.43962,1.44504,1.43305,1.4338
2025-03-06,1.43348,1.4377,1.4239,1.42967
2025-03-07,1.42978,1.44266,1.42795,1.43724
2025-03-10,1.4366,1.44728,1.43532,1.44398
2025-03-11,1.44365,1.45212,1.43794,1.44353
2025-03-12,1.44342,1.44851,1.43534,1.43693
2025-03-13,1.43683,1.44516,1.43591,1.44388
2025-03-14,1.44413,1.44479,1.43555,1.43702
2025-03-17,1.43784,1.43845,1.42756,1.4288
2025-03-18,1.42889,1.43196,1.4265,1.42977
2025-03-19,1.42978,1.43491,1.42954,1.43254
2025-03-20,1.43219,1.44017,1.43128,1.4325
2025-03-21,1.4324,1.43731,1.43138,1.43521
2025-03-24,1.43545,1.43577,1.42894,1.4318
2025-03-25,1.43192,1.43328,1.42711,1.42782
2025-03-26,1.42771,1.42985,1.42352,1.42665
2025-03-27,1.43014,1.43291,1.42597,1.43053
2025-03-28,1.4305,1.43332,1.42765,1.4318
2025-03-31,1.43112,1.43959,1.42994,1.43866
2025-04-01,1.43871,1.44152,1.42985,1.43028
2025-04-02,1.43022,1.4367,1.4229,1.42332
2025-04-03,1.42545,1.43198,1.40274,1.40984
2025-04-04,1.40932,1.42591,1.40535,1.42253
2025-04-07,1.42632,1.42965,1.41792,1.42476
2025-04-08,1.42471,1.42721,1.41434,1.42636
2025-04-09,1.42628,1.42739,1.40748,1.40826
2025-04-10,1.40838,1.41107,1.39514,1.39816
2025-04-11,1.39817,1.39924,1.38394,1.38651
2025-04-14,1.38577,1.39108,1.38288,1.38748
2025-04-15,1.38753,1.39777,1.38501,1.39572
2025-04-16,1.39572,1.39656,1.3855,1.38593
2025-04-17,1.3857,1.39064,1.38283,1.38342
2025-04-18,1.38427,1.38702,1.3831,1.38506
2025-04-21,1.3851,1.38532,1.37813,1.38426
2025-04-22,1.38423,1.38617,1.37932,1.38133
2025-04-23,1.38308,1.39049,1.37984,1.38819
2025-04-24,1.38817,1.38992,1.38401,1.38545
2025-04-25,1.38549,1.38925,1.38459,1.38546
2025-04-28,1.38656,1.38929,1.38165,1.38299
2025-04-29,1.38294,1.38717,1.38085,1.38328
2025-04-30,1.38279,1.38556,1.37701,1.37984
2025-05-01,1.37989,1.38624,1.37843,1.38539
2025-05-02,1.38541,1.3859,1.37602,1.38171
2025-05-05,1.38022,1.38299,1.37867,1.38248
2025-05-06,1.38238,1.38452,1.37505,1.37782
2025-05-07,1.37708,1.38402,1.37636,1.38394
2025-05-08,1.38395,1.39331,1.38138,1.3923
2025-05-09,1.3923,1.39448,1.39065,1.39378
2025-05-12,1.39016,1.40158,1.39016,1.39746
2025-05-13,1.39745,1.40164,1.39312,1.39362
2025-05-14,1.3936,1.39865,1.39017,1.39826
2025-05-15,1.39825,1.40048,1.39558,1.3959
2025-05-16,1.39588,1.39956,1.39355,1.39671
2025-05-19,1.39721,1.39733,1.39174,1.39514
2025-05-20,1.39507,1.39687,1.39091,1.39155
2025-05-21,1.39176,1.39218,1.38143,1.386
2025-05-22,1.38601,1.38891,1.38463,1.3857
2025-05-23,1.38573,1.38645,1.37094,1.37348
2025-05-26,1.37289,1.37424,1.36864,1.37362
2025-05-27,1.3736,1.38359,1.37223,1.38098
2025-05-28,1.38102,1.38447,1.38016,1.38367
2025-05-29,1.3836,1.38618,1.3785,1.38084
2025-05-30,1.3809,1.38301,1.37141,1.37397
2025-06-02,1.37413,1.37458,1.36745,1.37137
2025-06-03,1.37135,1.37429,1.37013,1.37201
2025-06-04,1.37206,1.37319,1.36526,1.36782
2025-06-05,1.36786,1.36841,1.36347,1.36756
2025-06-06,1.36757,1.37044,1.36604,1.3697
2025-06-09,1.3695,1.37076,1.36695,1.37
2025-06-10,1.37002,1.37288,1.36681,1.36698
2025-06-11,1.36694,1.36904,1.36498,1.36706
2025-06-12,1.36707,1.36755,1.35997,1.3603
2025-06-13,1.36037,1.36519,1.35663,1.35851
2025-06-16,1.35901,1.36071,1.35399,1.35708
2025-06-17,1.35714,1.36935,1.35566,1.36781
2025-06-18,1.36765,1.37035,1.36343,1.36956
2025-06-19,1.36953,1.37467,1.36837,1.37002
2025-06-20,1.37,1.37475,1.36874,1.37338
2025-06-23,1.37559,1.37984,1.37251,1.37336
2025-06-24,1.37335,1.37385,1.36786,1.37255
2025-06-25,1.37257,1.37548,1.37111,1.37261
2025-06-26,1.37258,1.37303,1.36179,1.36435
2025-06-27,1.36452,1.37597,1.36278,1.36802
2025-06-30,1.36895,1.37,1.36001,1.36064
2025-07-01,1.36077,1.36672,1.35912,1.36458
2025-07-02,1.36458,1.3659,1.35838,1.35887
2025-07-03,1.35916,1.36245,1.35564,1.35829
2025-07-04,1.35832,1.36173,1.35669,1.36021
2025-07-07,1.35908,1.36857,1.35903,1.36823
2025-07-08,1.3682,1.36945,1.36385,1.366
2025-07-09,1.36655,1.37103,1.36585,1.36849
2025-07-10,1.36855,1.37086,1.36542,1.36549
2025-07-11,1.36552,1.37312,1.36519,1.36887
2025-07-14,1.37004,1.37084,1.367,1.37052
2025-07-15,1.37061,1.37299,1.36715,1.3724
2025-07-16,1.37247,1.37556,1.36799,1.36825
2025-07-17,1.36828,1.37746,1.36824,1.37527
2025-07-18,1.37525,1.37637,1.36956,1.37295
2025-07-21,1.37189,1.37349,1.36776,1.36825
2025-07-22,1.36837,1.36956,1.36028,1.36053
2025-07-23,1.36053,1.36293,1.35756,1.35967
2025-07-24,1.35961,1.3655,1.35915,1.36356
2025-07-25,1.36461,1.37258,1.3636,1.37005
2025-07-28,1.37052,1.37424,1.36889,1.37391
2025-07-29,1.37392,1.37885,1.3731,1.37702
2025-07-30,1.37702,1.38452,1.37588,1.38286
2025-07-31,1.38319,1.38586,1.38136,1.38546
2025-08-01,1.38558,1.38793,1.3763,1.3789
2025-08-04,1.37788,1.37951,1.37585,1.37784
2025-08-05,1.37785,1.38105,1.37634,1.37726
2025-08-06,1.37729,1.378,1.37352,1.37407
2025-08-07,1.37413,1.37738,1.37217,1.37457
2025-08-08,1.37458,1.37638,1.37258,1.37552
2025-08-11,1.37541,1.37955,1.37451,1.3779
2025-08-12,1.37792,1.38062,1.37542,1.37725
2025-08-13,1.37725,1.37821,1.37516,1.3759
2025-08-14,1.37594,1.38196,1.37447,1.38171
2025-08-15,1.3817,1.382,1.37878,1.38195
2025-08-18,1.3816,1.38315,1.37831,1.3803
2025-08-19,1.38033,1.38701,1.37965,1.38676
2025-08-20,1.38681,1.38837,1.38537,1.38738
2025-08-21,1.38736,1.39129,1.38688,1.39106
2025-08-22,1.39101,1.39248,1.38146,1.38279
2025-08-25,1.38233,1.38641,1.3817,1.38592
2025-08-26,1.38593,1.38681,1.38223,1.38389
2025-08-27,1.38387,1.38579,1.37828,1.37909
2025-08-28,1.37913,1.37962,1.37414,1.3749
2025-08-29,1.37489,1.37793,1.37268,1.37439
2025-09-01,1.37319,1.37623,1.373,1.3751
2025-09-02,1.37514,1.38149,1.37454,1.37821
2025-09-03,1.3782,1.38079,1.37769,1.37938
2025-09-04,1.37935,1.38455,1.37919,1.38186
2025-09-05,1.38185,1.38543,1.37584,1.38298
2025-09-08,1.38336,1.38448,1.37884,1.38034
2025-09-09,1.38032,1.38599,1.37935,1.38432
2025-09-10,1.38422,1.38701,1.38306,1.38633
2025-09-11,1.38627,1.38921,1.38262,1.38322
2025-09-12,1.38325,1.38638,1.38306,1.38453
2025-09-15,1.38379,1.38461,1.3767,1.37783
2025-09-16,1.37776,1.37833,1.37345,1.37392
2025-09-17,1.3739,1.37875,1.37267,1.37732
2025-09-18,1.37736,1.381,1.37659,1.37967
2025-09-19,1.37967,1.38257,1.3769,1.37806
2025-09-22,1.37811,1.38319,1.37778,1.38183
2025-09-23,1.3818,1.38501,1.38117,1.38352
2025-09-24,1.38359,1.3907,1.38317,1.38958
2025-09-25,1.38958,1.39497,1.38853,1.39403
2025-09-26,1.39396,1.39587,1.3919,1.39405
2025-09-29,1.39331,1.39474,1.39033,1.39145
2025-09-30,1.3915,1.39362,1.38965,1.39202
2025-10-01,1.39203,1.39571,1.3907,1.39349
2025-10-02,1.39349,1.39864,1.39325,1.39677
2025-10-03,1.39677,1.39699,1.39398,1.39498
2025-10-06,1.39556,1.3968,1.39404,1.39425
2025-10-07,1.39426,1.39628,1.39389,1.39498
2025-10-08,1.39497,1.39711,1.39319,1.39515
2025-10-09,1.39515,1.40339,1.39337,1.40196
2025-10-10,1.40191,1.40342,1.39759,1.4006
2025-10-13,1.39933,1.40395,1.39833,1.40354
2025-10-14,1.40366,1.40801,1.40298,1.40451
2025-10-15,1.40448,1.40599,1.40267,1.40418
2025-10-16,1.40423,1.40612,1.40226,1.40548
2025-10-17,1.40548,1.40675,1.40079,1.40206
2025-10-20,1.40191,1.40511,1.40056,1.4037
2025-10-21,1.40369,1.40659,1.40033,1.40221
2025-10-22,1.40225,1.40325,1.3976,1.39945
2025-10-23,1.39942,1.40048,1.39797,1.39919
2025-10-24,1.3992,1.4039,1.39733,1.39955
2025-10-27,1.40075,1.40116,1.39703,1.39901
2025-10-28,1.399,1.40056,1.39333,1.3946
2025-10-29,1.3946,1.3955,1.38879,1.3943
2025-10-30,1.39428,1.40143,1.3927,1.39855
2025-10-31,1.39855,1.40354,1.39791,1.40114
2025-11-03,1.40122,1.4076,1.40087,1.4056
2025-11-04,1.4056,1.4108,1.40542,1.4105
2025-11-05,1.41044,1.41406,1.40973,1.41084
2025-11-06,1.41086,1.41402,1.40902,1.41173
2025-11-07,1.41162,1.41263,1.40273,1.40414
2025-11-10,1.40571,1.40577,1.40011,1.40213
2025-11-11,1.402,1.40414,1.4002,1.40177
2025-11-12,1.40177,1.40237,1.39901,1.40055
2025-11-13,1.4006,1.40381,1.39853,1.40363
2025-11-14,1.40366,1.40455,1.40142,1.40246
2025-11-17,1.40231,1.40581,1.40151,1.40553
2025-11-18,1.40552,1.40624,1.39715,1.39887
2025-11-19,1.39885,1.40655,1.39829,1.40498
2025-11-20,1.405,1.41071,1.40399,1.40963
2025-11-21,1.40953,1.4131,1.40817,1.41025
2025-11-24,1.40996,1.41189,1.40915,1.41076
2025-11-25,1.41078,1.41249,1.40896,1.40973
2025-11-26,1.40978,1.41051,1.40348,1.40443
2025-11-27,1.40445,1.40502,1.4028,1.40297
2025-11-28,1.40305,1.40518,1.39383,1.39792
2025-12-01,1.39784,1.40017,1.39549,1.39983
2025-12-02,1.39975,1.40146,1.39676,1.39694
2025-12-03,1.39692,1.39759,1.39385,1.39501
2025-12-04,1.39489,1.39775,1.39253,1.39583
2025-12-05,1.39574,1.39609,1.38143,1.38157
2025-12-08,1.38307,1.38597,1.37999,1.38575
2025-12-09,1.38573,1.3861,1.38237,1.38463
2025-12-10,1.3847,1.38722,1.37839,1.37928
2025-12-11,1.37928,1.3823,1.37569,1.37708
2025-12-12,1.37697,1.3795,1.37535,1.37714
2025-12-15,1.37702,1.37886,1.37478,1.37684
2025-12-16,1.3767,1.37813,1.37303,1.37535
2025-12-17,1.37526,1.37983,1.37481,1.37875
2025-12-18,1.37861,1.37962,1.37561,1.37762
2025-12-19,1.37763,1.38061,1.37552,1.38026
2025-12-22,1.37908,1.38053,1.37358,1.37475
2025-12-23,1.37471,1.37648,1.36861,1.36875
2025-12-24,1.36872,1.36939,1.36652,1.36765
2025-12-25,1.36719,1.36866,1.36645,1.36769
2025-12-26,1.36762,1.36852,1.36426,1.3674
2025-12-29,1.36666,1.37013,1.36576,1.36911
2025-12-30,1.36915,1.37089,1.36791,1.36966
2025-12-31,1.36983,1.37282,1.36884,1.37249
2026-01-02,1.37227,1.37479,1.37004,1.37316
2026-01-05,1.37359,1.38155,1.37339,1.37708
2026-01-06,1.37732,1.38171,1.37515,1.38143
2026-01-07,1.3814,1.38619,1.37902,1.38613
2026-01-08,1.3861,1.38887,1.38507,1.38641
2026-01-09,1.38638,1.39202,1.38606,1.39143
2026-01-12,1.39148,1.39182,1.38674,1.38782
2026-01-13,1.38797,1.38983,1.38552,1.38903
2026-01-14,1.38906,1.3898,1.38664,1.38817
2026-01-15,1.38819,1.39199,1.38776,1.38902
2026-01-16,1.38902,1.39288,1.38844,1.3915
2026-01-19,1.39134,1.39184,1.38599,1.38684
2026-01-20,1.38684,1.38792,1.38143,1.38365
2026-01-21,1.38352,1.3843,1.37856,1.38333
2026-01-22,1.38335,1.3845,1.37831,1.37852
2026-01-23,1.3785,1.37997,1.36938,1.37007
2026-01-26,1.36989,1.37201,1.36716,1.37089
2026-01-27,1.37071,1.37394,1.3559,1.35749
2026-01-28,1.35792,1.3615,1.35356,1.35572
2026-01-29,1.3557,1.35779,1.34847,1.34902
2026-01-30,1.34901,1.36255,1.34818,1.36166
2026-02-02,1.36132,1.37026,1.36048,1.36813
2026-02-03,1.36814,1.36858,1.36327,1.36406
2026-02-04,1.364,1.36843,1.36288,1.36621
2026-02-05,1.36617,1.37127,1.36525,1.37118
2026-02-06,1.37122,1.37247,1.36246,1.36752
2026-02-09,1.36738,1.36757,1.35528,1.3559
2026-02-10,1.35576,1.35764,1.35233,1.3555
2026-02-11,1.35526,1.36191,1.35044,1.35763
2026-02-12,1.35765,1.36359,1.35556,1.36103
2026-02-13,1.36109,1.36375,1.35935,1.36187
2026-02-16,1.36078,1.36391,1.36036,1.36357
2026-02-17,1.36357,1.3693,1.36298,1.36366
2026-02-18,1.36365,1.37003,1.36322,1.3696
2026-02-19,1.36962,1.37148,1.36677,1.36802
2026-02-20,1.36805,1.37108,1.36692,1.36811
2026-02-23,1.36762,1.37043,1.36486,1.36971
2026-02-24,1.36966,1.3725,1.36904,1.36999
2026-02-25,1.37001,1.37068,1.36733,1.36755
2026-02-26,1.36752,1.37123,1.36591,1.36814
2026-02-27,1.3681,1.36854,1.36253,1.36425
2026-03-02,1.36531,1.37189,1.36364,1.36765
2026-03-03,1.3676,1.37531,1.36533,1.36808
2026-03-04,1.36807,1.37001,1.36271,1.36441
2026-03-05,1.3644,1.37162,1.36155,1.36766
2026-03-06,1.36777,1.36811,1.35623,1.35694
2026-03-09,1.36023,1.36081,1.35257,1.35877
2026-03-10,1.35875,1.36017,1.35423,1.35801
2026-03-11,1.35802,1.36052,1.35549,1.35932
2026-03-12,1.35932,1.36436,1.35768,1.3641
2026-03-13,1.36409,1.37418,1.36211,1.37168
2026-03-16,1.3728,1.3733,1.3653,1.36864
2026-03-17,1.36867,1.37228,1.36803,1.3691
2026-03-18,1.3691,1.37378,1.36873,1.37318
2026-03-19,1.37319,1.37484,1.37048,1.37389
2026-03-20,1.37388,1.37479,1.36997,1.37237
2026-03-23,1.37184,1.37548,1.367,1.37268
2026-03-24,1.3727,1.37855,1.37178,1.37634
2026-03-25,1.37627,1.38198,1.37502,1.3811
2026-03-26,1.38111,1.38661,1.38048,1.38607
2026-03-27,1.38611,1.38965,1.3845,1.3895
2026-03-30,1.38824,1.39454,1.38795,1.39238
2026-03-31,1.39245,1.39668,1.3906,1.39153
2026-04-01,1.39159,1.39187,1.38722,1.38752
2026-04-02,1.38746,1.39335,1.38692,1.3919
2026-04-03,1.39195,1.39494,1.39136,1.39463
2026-04-06,1.39363,1.3948,1.39025,1.39112
2026-04-07,1.39102,1.393,1.38837,1.38875
2026-04-08,1.38865,1.39,1.38238,1.38463
2026-04-09,1.38453,1.38607,1.38045,1.38161
2026-04-10,1.38164,1.38442,1.37992,1.38389
2026-04-13,1.38637,1.3878,1.37861,1.37922
2026-04-14,1.37933,1.3796,1.37311,1.37668
2026-04-15,1.37662,1.37885,1.37268,1.37408
2026-04-16,1.37416,1.37421,1.36955,1.37034
2026-04-17,1.37033,1.37086,1.36494,1.36934
2026-04-20,1.36833,1.37098,1.3635,1.36438
2026-04-21,1.36435,1.3677,1.36315,1.36646
2026-04-22,1.36645,1.36749,1.36434,1.36714
2026-04-23,1.36711,1.37145,1.36605,1.37006
2026-04-24,1.37004,1.37146,1.36631,1.36677
2026-04-27,1.36815,1.36841,1.35978,1.36273
2026-04-28,1.36265,1.36918,1.36129,1.3684
2026-04-29,1.36834,1.3711,1.36674,1.3685
2026-04-30,1.36845,1.3691,1.35803,1.35814
2026-05-01,1.35813,1.3594,1.35502,1.35865
2026-05-04,1.35885,1.36264,1.3578,1.36249
2026-05-05,1.36248,1.36302,1.36043,1.36186
2026-05-06,1.36188,1.36416,1.3578,1.36333
2026-05-07,1.36331,1.36662,1.36204,1.36646
2026-05-08,1.36643,1.37102,1.36426,1.36764
2026-05-11,1.36863,1.3695,1.36483,1.36781
2026-05-12,1.36777,1.37247,1.36718,1.36965
2026-05-13,1.36959,1.37188,1.36843,1.37072
2026-05-14,1.3707,1.37379,1.37017,1.37204
2026-05-15,1.372,1.37671,1.37153,1.37498
2026-05-18,1.3752,1.37638,1.37324,1.37392
2026-05-19,1.3739,1.37742,1.37339,1.37446
2026-05-20,1.37442,1.37786,1.37309,1.37459
2026-05-21,1.37456,1.38003,1.37341,1.37774
2026-05-22,1.37772,1.38247,1.37729,1.38198
2026-05-25,1.3809,1.38206,1.37948,1.38031
2026-05-26,1.3803,1.38214,1.37988,1.38122
2026-05-27,1.38116,1.38523,1.38037,1.38402
2026-05-28,1.38405,1.38701,1.37739,1.37838
2026-05-29,1.37837,1.38295,1.37704,1.3796
2026-06-01,1.37995,1.38495,1.37895,1.38406
2026-06-02,1.38417,1.38543,1.38151,1.38393
2026-06-03,1.38392,1.38999,1.38343,1.38969
2026-06-04,1.38966,1.39252,1.38811,1.39091
2026-06-05,1.39088,1.39506,1.38667,1.39373
2026-06-08,1.39373,1.39614,1.39263,1.39534
2026-06-09,1.39538,1.39694,1.39189,1.3949
2026-06-10,1.39498,1.39575,1.3899,1.39427
2026-06-11,1.39437,1.4024,1.39317,1.39673
2026-06-12,1.39672,1.3996,1.39557,1.39882
2026-06-15,1.39907,1.39942,1.39506,1.39906
2026-06-16,1.39912,1.40186,1.39803,1.39954
2026-06-17,1.39945,1.41231,1.39895,1.40999
2026-06-18,1.40993,1.41467,1.40946,1.41366
2026-06-19,1.41367,1.41834,1.41298,1.41527
2026-06-22,1.41714,1.41936,1.41448,1.41593
2026-06-23,1.41586,1.42174,1.41508,1.42102
2026-06-24,1.42104,1.42482,1.42046,1.42343
2026-06-25,1.42341,1.42483,1.41775,1.42019
2026-06-26,1.42024,1.42098,1.41692,1.41937
2026-06-29,1.41942,1.42179,1.41753,1.42109
2026-06-30,1.42105,1.42478,1.41782,1.41962
2026-07-01,1.41962,1.42352,1.41917,1.42162
2026-07-02,1.42159,1.42244,1.41504,1.41822
2026-07-03,1.41811,1.42095,1.41595,1.41985
2026-07-06,1.41975,1.42388,1.41934,1.42049
2026-07-07,1.42049,1.42263,1.41837,1.42006
2026-07-08,1.42013,1.42088,1.4155,1.41729
2026-07-09,1.41736,1.41897,1.41529,1.41679
2026-07-10,1.41674,1.41742,1.41175,1.41556
2026-07-13,1.41584,1.41748,1.41251,1.41549
2026-07-14,1.41549,1.41589,1.40477,1.40584
2026-07-15,1.40665,1.40773,1.40247,1.40417
2026-07-16,1.40416,1.40583,1.40104,1.40424
2026-07-17,1.40451,1.40517,1.40054,1.40211
2026-07-20,1.40169,1.40721,1.40032,1.40701
2026-07-21,1.40703,1.41112,1.40544,1.41078
2026-07-22,1.41078,1.41121,1.40765,1.40878
2026-07-23,1.40877,1.40999,1.40567,1.40844
2026-07-24,1.40849,1.41149,1.40662,1.40962
2026-07-27,1.40874,1.41264,1.40708,1.41244
2026-07-28,1.41243,1.4129,1.40862,1.41071
2026-07-29,1.41073,1.41099,1.40233,1.40475
2026-07-30,1.40481,1.4068,1.39908,1.4012
2026-07-31,1.40105,1.40589,1.40029,1.40228
2026-08-03,1.40105,1.40537,1.40043,1.40457
2026-08-04,1.40462,1.408,1.40353,1.40628
2026-08-05,1.40628,1.40803,1.40049,1.40118
2026-08-06,1.40115,1.40379,1.39906,1.40132
2026-08-07,1.40133,1.40293,1.39257,1.39411
2026-08-10,1.39515,1.3964,1.39267,1.394
2026-08-11,1.394,1.39461,1.39152,1.39237
2026-08-12,1.3924,1.39472,1.3908,1.39406
2026-08-13,1.39404,1.39587,1.39278,1.39308
2026-08-14,1.39315,1.39369,1.38645,1.38755
2026-08-17,1.38773,1.38796,1.38448,1.38729
2026-08-18,1.38728,1.39103,1.38616,1.38973
2026-08-19,1.38972,1.39081,1.38034,1.38089
2026-08-20,1.38085,1.38127,1.37557,1.37893
2026-08-21,1.37884,1.37921,1.37323,1.37574
2026-08-24,1.38122,1.38603,1.37828,1.38437
2026-08-25,1.38447,1.38672,1.38253,1.38383
2026-08-26,1.38386,1.38931,1.38311,1.38771
2026-08-27,1.38773,1.38912,1.38522,1.38549
2026-08-28,1.38539,1.39101,1.3843,1.39036
